_id,name,area_id,city_id
1,东城区,110101,110100
2,西城区,110102,110100
3,朝阳区,110105,110100
4,丰台区,110106,110100
5,石景山区,110107,110100
6,海淀区,110108,110100
7,门头沟区,110109,110100
8,房山区,110111,110100
9,通州区,110112,110100
10,顺义区,110113,110100
11,昌平区,110114,110100
12,大兴区,110115,110100
13,怀柔区,110116,110100
14,平谷区,110117,110100
15,密云区,110118,110100
16,延庆区,110119,110100
17,和平区,120101,120100
18,河东区,120102,120100
19,河西区,120103,120100
20,南开区,120104,120100
21,河北区,120105,120100
22,红桥区,120106,120100
23,东丽区,120110,120100
24,西青区,120111,120100
25,津南区,120112,120100
26,北辰区,120113,120100
27,武清区,120114,120100
28,宝坻区,120115,120100
29,滨海新区,120116,120100
30,宁河区,120117,120100
31,静海区,120118,120100
32,蓟州区,120119,120100
33,市辖区,130101,130100
34,长安区,130102,130100
35,桥西区,130104,130100
36,新华区,130105,130100
37,井陉矿区,130107,130100
38,裕华区,130108,130100
39,藁城区,130109,130100
40,鹿泉区,130110,130100
41,栾城区,130111,130100
42,井陉县,130121,130100
43,正定县,130123,130100
44,行唐县,130125,130100
45,灵寿县,130126,130100
46,高邑县,130127,130100
47,深泽县,130128,130100
48,赞皇县,130129,130100
49,无极县,130130,130100
50,平山县,130131,130100
51,元氏县,130132,130100
52,赵县,130133,130100
53,晋州市,130183,130100
54,新乐市,130184,130100
55,市辖区,130201,130200
56,路南区,130202,130200
57,路北区,130203,130200
58,古冶区,130204,130200
59,开平区,130205,130200
60,丰南区,130207,130200
61,丰润区,130208,130200
62,曹妃甸区,130209,130200
63,滦县,130223,130200
64,滦南县,130224,130200
65,乐亭县,130225,130200
66,迁西县,130227,130200
67,玉田县,130229,130200
68,遵化市,130281,130200
69,迁安市,130283,130200
70,市辖区,130301,130300
71,海港区,130302,130300
72,山海关区,130303,130300
73,北戴河区,130304,130300
74,抚宁区,130306,130300
75,青龙满族自治县,130321,130300
76,昌黎县,130322,130300
77,卢龙县,130324,130300
78,市辖区,130401,130400
79,邯山区,130402,130400
80,丛台区,130403,130400
81,复兴区,130404,130400
82,峰峰矿区,130406,130400
83,邯郸县,130421,130400
84,临漳县,130423,130400
85,成安县,130424,130400
86,大名县,130425,130400
87,涉县,130426,130400
88,磁县,130427,130400
89,肥乡县,130428,130400
90,永年县,130429,130400
91,邱县,130430,130400
92,鸡泽县,130431,130400
93,广平县,130432,130400
94,馆陶县,130433,130400
95,魏县,130434,130400
96,曲周县,130435,130400
97,武安市,130481,130400
98,市辖区,130501,130500
99,桥东区,130502,130500
100,桥西区,130503,130500
101,邢台县,130521,130500
102,临城县,130522,130500
103,内丘县,130523,130500
104,柏乡县,130524,130500
105,隆尧县,130525,130500
106,任县,130526,130500
107,南和县,130527,130500
108,宁晋县,130528,130500
109,巨鹿县,130529,130500
110,新河县,130530,130500
111,广宗县,130531,130500
112,平乡县,130532,130500
113,威县,130533,130500
114,清河县,130534,130500
115,临西县,130535,130500
116,南宫市,130581,130500
117,沙河市,130582,130500
118,市辖区,130601,130600
119,竞秀区,130602,130600
120,莲池区,130606,130600
121,满城区,130607,130600
122,清苑区,130608,130600
123,徐水区,130609,130600
124,涞水县,130623,130600
125,阜平县,130624,130600
126,定兴县,130626,130600
127,唐县,130627,130600
128,高阳县,130628,130600
129,容城县,130629,130600
130,涞源县,130630,130600
131,望都县,130631,130600
132,安新县,130632,130600
133,易县,130633,130600
134,曲阳县,130634,130600
135,蠡县,130635,130600
136,顺平县,130636,130600
137,博野县,130637,130600
138,雄县,130638,130600
139,涿州市,130681,130600
140,安国市,130683,130600
141,高碑店市,130684,130600
142,市辖区,130701,130700
143,桥东区,130702,130700
144,桥西区,130703,130700
145,宣化区,130705,130700
146,下花园区,130706,130700
147,万全区,130708,130700
148,崇礼区,130709,130700
149,张北县,130722,130700
150,康保县,130723,130700
151,沽源县,130724,130700
152,尚义县,130725,130700
153,蔚县,130726,130700
154,阳原县,130727,130700
155,怀安县,130728,130700
156,怀来县,130730,130700
157,涿鹿县,130731,130700
158,赤城县,130732,130700
159,市辖区,130801,130800
160,双桥区,130802,130800
161,双滦区,130803,130800
162,鹰手营子矿区,130804,130800
163,承德县,130821,130800
164,兴隆县,130822,130800
165,平泉县,130823,130800
166,滦平县,130824,130800
167,隆化县,130825,130800
168,丰宁满族自治县,130826,130800
169,宽城满族自治县,130827,130800
170,围场满族蒙古族自治县,130828,130800
171,市辖区,130901,130900
172,新华区,130902,130900
173,运河区,130903,130900
174,沧县,130921,130900
175,青县,130922,130900
176,东光县,130923,130900
177,海兴县,130924,130900
178,盐山县,130925,130900
179,肃宁县,130926,130900
180,南皮县,130927,130900
181,吴桥县,130928,130900
182,献县,130929,130900
183,孟村回族自治县,130930,130900
184,泊头市,130981,130900
185,任丘市,130982,130900
186,黄骅市,130983,130900
187,河间市,130984,130900
188,市辖区,131001,131000
189,安次区,131002,131000
190,广阳区,131003,131000
191,固安县,131022,131000
192,永清县,131023,131000
193,香河县,131024,131000
194,大城县,131025,131000
195,文安县,131026,131000
196,大厂回族自治县,131028,131000
197,霸州市,131081,131000
198,三河市,131082,131000
199,市辖区,131101,131100
200,桃城区,131102,131100
201,冀州区,131103,131100
202,枣强县,131121,131100
203,武邑县,131122,131100
204,武强县,131123,131100
205,饶阳县,131124,131100
206,安平县,131125,131100
207,故城县,131126,131100
208,景县,131127,131100
209,阜城县,131128,131100
210,深州市,131182,131100
211,定州市,139001,139000
212,辛集市,139002,139000
213,市辖区,140101,140100
214,小店区,140105,140100
215,迎泽区,140106,140100
216,杏花岭区,140107,140100
217,尖草坪区,140108,140100
218,万柏林区,140109,140100
219,晋源区,140110,140100
220,清徐县,140121,140100
221,阳曲县,140122,140100
222,娄烦县,140123,140100
223,古交市,140181,140100
224,市辖区,140201,140200
225,城区,140202,140200
226,矿区,140203,140200
227,南郊区,140211,140200
228,新荣区,140212,140200
229,阳高县,140221,140200
230,天镇县,140222,140200
231,广灵县,140223,140200
232,灵丘县,140224,140200
233,浑源县,140225,140200
234,左云县,140226,140200
235,大同县,140227,140200
236,市辖区,140301,140300
237,城区,140302,140300
238,矿区,140303,140300
239,郊区,140311,140300
240,平定县,140321,140300
241,盂县,140322,140300
242,市辖区,140401,140400
243,城区,140402,140400
244,郊区,140411,140400
245,长治县,140421,140400
246,襄垣县,140423,140400
247,屯留县,140424,140400
248,平顺县,140425,140400
249,黎城县,140426,140400
250,壶关县,140427,140400
251,长子县,140428,140400
252,武乡县,140429,140400
253,沁县,140430,140400
254,沁源县,140431,140400
255,潞城市,140481,140400
256,市辖区,140501,140500
257,城区,140502,140500
258,沁水县,140521,140500
259,阳城县,140522,140500
260,陵川县,140524,140500
261,泽州县,140525,140500
262,高平市,140581,140500
263,市辖区,140601,140600
264,朔城区,140602,140600
265,平鲁区,140603,140600
266,山阴县,140621,140600
267,应县,140622,140600
268,右玉县,140623,140600
269,怀仁县,140624,140600
270,市辖区,140701,140700
271,榆次区,140702,140700
272,榆社县,140721,140700
273,左权县,140722,140700
274,和顺县,140723,140700
275,昔阳县,140724,140700
276,寿阳县,140725,140700
277,太谷县,140726,140700
278,祁县,140727,140700
279,平遥县,140728,140700
280,灵石县,140729,140700
281,介休市,140781,140700
282,市辖区,140801,140800
283,盐湖区,140802,140800
284,临猗县,140821,140800
285,万荣县,140822,140800
286,闻喜县,140823,140800
287,稷山县,140824,140800
288,新绛县,140825,140800
289,绛县,140826,140800
290,垣曲县,140827,140800
291,夏县,140828,140800
292,平陆县,140829,140800
293,芮城县,140830,140800
294,永济市,140881,140800
295,河津市,140882,140800
296,市辖区,140901,140900
297,忻府区,140902,140900
298,定襄县,140921,140900
299,五台县,140922,140900
300,代县,140923,140900
301,繁峙县,140924,140900
302,宁武县,140925,140900
303,静乐县,140926,140900
304,神池县,140927,140900
305,五寨县,140928,140900
306,岢岚县,140929,140900
307,河曲县,140930,140900
308,保德县,140931,140900
309,偏关县,140932,140900
310,原平市,140981,140900
311,市辖区,141001,141000
312,尧都区,141002,141000
313,曲沃县,141021,141000
314,翼城县,141022,141000
315,襄汾县,141023,141000
316,洪洞县,141024,141000
317,古县,141025,141000
318,安泽县,141026,141000
319,浮山县,141027,141000
320,吉县,141028,141000
321,乡宁县,141029,141000
322,大宁县,141030,141000
323,隰县,141031,141000
324,永和县,141032,141000
325,蒲县,141033,141000
326,汾西县,141034,141000
327,侯马市,141081,141000
328,霍州市,141082,141000
329,市辖区,141101,141100
330,离石区,141102,141100
331,文水县,141121,141100
332,交城县,141122,141100
333,兴县,141123,141100
334,临县,141124,141100
335,柳林县,141125,141100
336,石楼县,141126,141100
337,岚县,141127,141100
338,方山县,141128,141100
339,中阳县,141129,141100
340,交口县,141130,141100
341,孝义市,141181,141100
342,汾阳市,141182,141100
343,市辖区,150101,150100
344,新城区,150102,150100
345,回民区,150103,150100
346,玉泉区,150104,150100
347,赛罕区,150105,150100
348,土默特左旗,150121,150100
349,托克托县,150122,150100
350,和林格尔县,150123,150100
351,清水河县,150124,150100
352,武川县,150125,150100
353,市辖区,150201,150200
354,东河区,150202,150200
355,昆都仑区,150203,150200
356,青山区,150204,150200
357,石拐区,150205,150200
358,白云鄂博矿区,150206,150200
359,九原区,150207,150200
360,土默特右旗,150221,150200
361,固阳县,150222,150200
362,达尔罕茂明安联合旗,150223,150200
363,市辖区,150301,150300
364,海勃湾区,150302,150300
365,海南区,150303,150300
366,乌达区,150304,150300
367,市辖区,150401,150400
368,红山区,150402,150400
369,元宝山区,150403,150400
370,松山区,150404,150400
371,阿鲁科尔沁旗,150421,150400
372,巴林左旗,150422,150400
373,巴林右旗,150423,150400
374,林西县,150424,150400
375,克什克腾旗,150425,150400
376,翁牛特旗,150426,150400
377,喀喇沁旗,150428,150400
378,宁城县,150429,150400
379,敖汉旗,150430,150400
380,市辖区,150501,150500
381,科尔沁区,150502,150500
382,科尔沁左翼中旗,150521,150500
383,科尔沁左翼后旗,150522,150500
384,开鲁县,150523,150500
385,库伦旗,150524,150500
386,奈曼旗,150525,150500
387,扎鲁特旗,150526,150500
388,霍林郭勒市,150581,150500
389,市辖区,150601,150600
390,东胜区,150602,150600
391,康巴什区,150603,150600
392,达拉特旗,150621,150600
393,准格尔旗,150622,150600
394,鄂托克前旗,150623,150600
395,鄂托克旗,150624,150600
396,杭锦旗,150625,150600
397,乌审旗,150626,150600
398,伊金霍洛旗,150627,150600
399,市辖区,150701,150700
400,海拉尔区,150702,150700
401,扎赉诺尔区,150703,150700
402,阿荣旗,150721,150700
403,莫力达瓦达斡尔族自治旗,150722,150700
404,鄂伦春自治旗,150723,150700
405,鄂温克族自治旗,150724,150700
406,陈巴尔虎旗,150725,150700
407,新巴尔虎左旗,150726,150700
408,新巴尔虎右旗,150727,150700
409,满洲里市,150781,150700
410,牙克石市,150782,150700
411,扎兰屯市,150783,150700
412,额尔古纳市,150784,150700
413,根河市,150785,150700
414,市辖区,150801,150800
415,临河区,150802,150800
416,五原县,150821,150800
417,磴口县,150822,150800
418,乌拉特前旗,150823,150800
419,乌拉特中旗,150824,150800
420,乌拉特后旗,150825,150800
421,杭锦后旗,150826,150800
422,市辖区,150901,150900
423,集宁区,150902,150900
424,卓资县,150921,150900
425,化德县,150922,150900
426,商都县,150923,150900
427,兴和县,150924,150900
428,凉城县,150925,150900
429,察哈尔右翼前旗,150926,150900
430,察哈尔右翼中旗,150927,150900
431,察哈尔右翼后旗,150928,150900
432,四子王旗,150929,150900
433,丰镇市,150981,150900
434,乌兰浩特市,152201,152200
435,阿尔山市,152202,152200
436,科尔沁右翼前旗,152221,152200
437,科尔沁右翼中旗,152222,152200
438,扎赉特旗,152223,152200
439,突泉县,152224,152200
440,二连浩特市,152501,152500
441,锡林浩特市,152502,152500
442,阿巴嘎旗,152522,152500
443,苏尼特左旗,152523,152500
444,苏尼特右旗,152524,152500
445,东乌珠穆沁旗,152525,152500
446,西乌珠穆沁旗,152526,152500
447,太仆寺旗,152527,152500
448,镶黄旗,152528,152500
449,正镶白旗,152529,152500
450,正蓝旗,152530,152500
451,多伦县,152531,152500
452,阿拉善左旗,152921,152900
453,阿拉善右旗,152922,152900
454,额济纳旗,152923,152900
455,市辖区,210101,210100
456,和平区,210102,210100
457,沈河区,210103,210100
458,大东区,210104,210100
459,皇姑区,210105,210100
460,铁西区,210106,210100
461,苏家屯区,210111,210100
462,浑南区,210112,210100
463,沈北新区,210113,210100
464,于洪区,210114,210100
465,辽中区,210115,210100
466,康平县,210123,210100
467,法库县,210124,210100
468,新民市,210181,210100
469,市辖区,210201,210200
470,中山区,210202,210200
471,西岗区,210203,210200
472,沙河口区,210204,210200
473,甘井子区,210211,210200
474,旅顺口区,210212,210200
475,金州区,210213,210200
476,普兰店区,210214,210200
477,长海县,210224,210200
478,瓦房店市,210281,210200
479,庄河市,210283,210200
480,市辖区,210301,210300
481,铁东区,210302,210300
482,铁西区,210303,210300
483,立山区,210304,210300
484,千山区,210311,210300
485,台安县,210321,210300
486,岫岩满族自治县,210323,210300
487,海城市,210381,210300
488,市辖区,210401,210400
489,新抚区,210402,210400
490,东洲区,210403,210400
491,望花区,210404,210400
492,顺城区,210411,210400
493,抚顺县,210421,210400
494,新宾满族自治县,210422,210400
495,清原满族自治县,210423,210400
496,市辖区,210501,210500
497,平山区,210502,210500
498,溪湖区,210503,210500
499,明山区,210504,210500
500,南芬区,210505,210500
501,本溪满族自治县,210521,210500
502,桓仁满族自治县,210522,210500
503,市辖区,210601,210600
504,元宝区,210602,210600
505,振兴区,210603,210600
506,振安区,210604,210600
507,宽甸满族自治县,210624,210600
508,东港市,210681,210600
509,凤城市,210682,210600
510,市辖区,210701,210700
511,古塔区,210702,210700
512,凌河区,210703,210700
513,太和区,210711,210700
514,黑山县,210726,210700
515,义县,210727,210700
516,凌海市,210781,210700
517,北镇市,210782,210700
518,市辖区,210801,210800
519,站前区,210802,210800
520,西市区,210803,210800
521,鲅鱼圈区,210804,210800
522,老边区,210811,210800
523,盖州市,210881,210800
524,大石桥市,210882,210800
525,市辖区,210901,210900
526,海州区,210902,210900
527,新邱区,210903,210900
528,太平区,210904,210900
529,清河门区,210905,210900
530,细河区,210911,210900
531,阜新蒙古族自治县,210921,210900
532,彰武县,210922,210900
533,市辖区,211001,211000
534,白塔区,211002,211000
535,文圣区,211003,211000
536,宏伟区,211004,211000
537,弓长岭区,211005,211000
538,太子河区,211011,211000
539,辽阳县,211021,211000
540,灯塔市,211081,211000
541,市辖区,211101,211100
542,双台子区,211102,211100
543,兴隆台区,211103,211100
544,大洼区,211104,211100
545,盘山县,211122,211100
546,市辖区,211201,211200
547,银州区,211202,211200
548,清河区,211204,211200
549,铁岭县,211221,211200
550,西丰县,211223,211200
551,昌图县,211224,211200
552,调兵山市,211281,211200
553,开原市,211282,211200
554,市辖区,211301,211300
555,双塔区,211302,211300
556,龙城区,211303,211300
557,朝阳县,211321,211300
558,建平县,211322,211300
559,喀喇沁左翼蒙古族自治县,211324,211300
560,北票市,211381,211300
561,凌源市,211382,211300
562,市辖区,211401,211400
563,连山区,211402,211400
564,龙港区,211403,211400
565,南票区,211404,211400
566,绥中县,211421,211400
567,建昌县,211422,211400
568,兴城市,211481,211400
569,市辖区,220101,220100
570,南关区,220102,220100
571,宽城区,220103,220100
572,朝阳区,220104,220100
573,二道区,220105,220100
574,绿园区,220106,220100
575,双阳区,220112,220100
576,九台区,220113,220100
577,农安县,220122,220100
578,榆树市,220182,220100
579,德惠市,220183,220100
580,市辖区,220201,220200
581,昌邑区,220202,220200
582,龙潭区,220203,220200
583,船营区,220204,220200
584,丰满区,220211,220200
585,永吉县,220221,220200
586,蛟河市,220281,220200
587,桦甸市,220282,220200
588,舒兰市,220283,220200
589,磐石市,220284,220200
590,市辖区,220301,220300
591,铁西区,220302,220300
592,铁东区,220303,220300
593,梨树县,220322,220300
594,伊通满族自治县,220323,220300
595,公主岭市,220381,220300
596,双辽市,220382,220300
597,市辖区,220401,220400
598,龙山区,220402,220400
599,西安区,220403,220400
600,东丰县,220421,220400
601,东辽县,220422,220400
602,市辖区,220501,220500
603,东昌区,220502,220500
604,二道江区,220503,220500
605,通化县,220521,220500
606,辉南县,220523,220500
607,柳河县,220524,220500
608,梅河口市,220581,220500
609,集安市,220582,220500
610,市辖区,220601,220600
611,浑江区,220602,220600
612,江源区,220605,220600
613,抚松县,220621,220600
614,靖宇县,220622,220600
615,长白朝鲜族自治县,220623,220600
616,临江市,220681,220600
617,市辖区,220701,220700
618,宁江区,220702,220700
619,前郭尔罗斯蒙古族自治县,220721,220700
620,长岭县,220722,220700
621,乾安县,220723,220700
622,扶余市,220781,220700
623,市辖区,220801,220800
624,洮北区,220802,220800
625,镇赉县,220821,220800
626,通榆县,220822,220800
627,洮南市,220881,220800
628,大安市,220882,220800
629,延吉市,222401,222400
630,图们市,222402,222400
631,敦化市,222403,222400
632,珲春市,222404,222400
633,龙井市,222405,222400
634,和龙市,222406,222400
635,汪清县,222424,222400
636,安图县,222426,222400
637,市辖区,230101,230100
638,道里区,230102,230100
639,南岗区,230103,230100
640,道外区,230104,230100
641,平房区,230108,230100
642,松北区,230109,230100
643,香坊区,230110,230100
644,呼兰区,230111,230100
645,阿城区,230112,230100
646,双城区,230113,230100
647,依兰县,230123,230100
648,方正县,230124,230100
649,宾县,230125,230100
650,巴彦县,230126,230100
651,木兰县,230127,230100
652,通河县,230128,230100
653,延寿县,230129,230100
654,尚志市,230183,230100
655,五常市,230184,230100
656,市辖区,230201,230200
657,龙沙区,230202,230200
658,建华区,230203,230200
659,铁锋区,230204,230200
660,昂昂溪区,230205,230200
661,富拉尔基区,230206,230200
662,碾子山区,230207,230200
663,梅里斯达斡尔族区,230208,230200
664,龙江县,230221,230200
665,依安县,230223,230200
666,泰来县,230224,230200
667,甘南县,230225,230200
668,富裕县,230227,230200
669,克山县,230229,230200
670,克东县,230230,230200
671,拜泉县,230231,230200
672,讷河市,230281,230200
673,市辖区,230301,230300
674,鸡冠区,230302,230300
675,恒山区,230303,230300
676,滴道区,230304,230300
677,梨树区,230305,230300
678,城子河区,230306,230300
679,麻山区,230307,230300
680,鸡东县,230321,230300
681,虎林市,230381,230300
682,密山市,230382,230300
683,市辖区,230401,230400
684,向阳区,230402,230400
685,工农区,230403,230400
686,南山区,230404,230400
687,兴安区,230405,230400
688,东山区,230406,230400
689,兴山区,230407,230400
690,萝北县,230421,230400
691,绥滨县,230422,230400
692,市辖区,230501,230500
693,尖山区,230502,230500
694,岭东区,230503,230500
695,四方台区,230505,230500
696,宝山区,230506,230500
697,集贤县,230521,230500
698,友谊县,230522,230500
699,宝清县,230523,230500
700,饶河县,230524,230500
701,市辖区,230601,230600
702,萨尔图区,230602,230600
703,龙凤区,230603,230600
704,让胡路区,230604,230600
705,红岗区,230605,230600
706,大同区,230606,230600
707,肇州县,230621,230600
708,肇源县,230622,230600
709,林甸县,230623,230600
710,杜尔伯特蒙古族自治县,230624,230600
711,市辖区,230701,230700
712,伊春区,230702,230700
713,南岔区,230703,230700
714,友好区,230704,230700
715,西林区,230705,230700
716,翠峦区,230706,230700
717,新青区,230707,230700
718,美溪区,230708,230700
719,金山屯区,230709,230700
720,五营区,230710,230700
721,乌马河区,230711,230700
722,汤旺河区,230712,230700
723,带岭区,230713,230700
724,乌伊岭区,230714,230700
725,红星区,230715,230700
726,上甘岭区,230716,230700
727,嘉荫县,230722,230700
728,铁力市,230781,230700
729,市辖区,230801,230800
730,向阳区,230803,230800
731,前进区,230804,230800
732,东风区,230805,230800
733,郊区,230811,230800
734,桦南县,230822,230800
735,桦川县,230826,230800
736,汤原县,230828,230800
737,同江市,230881,230800
738,富锦市,230882,230800
739,抚远市,230883,230800
740,市辖区,230901,230900
741,新兴区,230902,230900
742,桃山区,230903,230900
743,茄子河区,230904,230900
744,勃利县,230921,230900
745,市辖区,231001,231000
746,东安区,231002,231000
747,阳明区,231003,231000
748,爱民区,231004,231000
749,西安区,231005,231000
750,林口县,231025,231000
751,绥芬河市,231081,231000
752,海林市,231083,231000
753,宁安市,231084,231000
754,穆棱市,231085,231000
755,东宁市,231086,231000
756,市辖区,231101,231100
757,爱辉区,231102,231100
758,嫩江县,231121,231100
759,逊克县,231123,231100
760,孙吴县,231124,231100
761,北安市,231181,231100
762,五大连池市,231182,231100
763,市辖区,231201,231200
764,北林区,231202,231200
765,望奎县,231221,231200
766,兰西县,231222,231200
767,青冈县,231223,231200
768,庆安县,231224,231200
769,明水县,231225,231200
770,绥棱县,231226,231200
771,安达市,231281,231200
772,肇东市,231282,231200
773,海伦市,231283,231200
774,呼玛县,232721,232700
775,塔河县,232722,232700
776,漠河县,232723,232700
777,黄浦区,310101,310100
778,徐汇区,310104,310100
779,长宁区,310105,310100
780,静安区,310106,310100
781,普陀区,310107,310100
782,虹口区,310109,310100
783,杨浦区,310110,310100
784,闵行区,310112,310100
785,宝山区,310113,310100
786,嘉定区,310114,310100
787,浦东新区,310115,310100
788,金山区,310116,310100
789,松江区,310117,310100
790,青浦区,310118,310100
791,奉贤区,310120,310100
792,崇明区,310151,310100
793,市辖区,320101,320100
794,玄武区,320102,320100
795,秦淮区,320104,320100
796,建邺区,320105,320100
797,鼓楼区,320106,320100
798,浦口区,320111,320100
799,栖霞区,320113,320100
800,雨花台区,320114,320100
801,江宁区,320115,320100
802,六合区,320116,320100
803,溧水区,320117,320100
804,高淳区,320118,320100
805,市辖区,320201,320200
806,锡山区,320205,320200
807,惠山区,320206,320200
808,滨湖区,320211,320200
809,梁溪区,320213,320200
810,新吴区,320214,320200
811,江阴市,320281,320200
812,宜兴市,320282,320200
813,市辖区,320301,320300
814,鼓楼区,320302,320300
815,云龙区,320303,320300
816,贾汪区,320305,320300
817,泉山区,320311,320300
818,铜山区,320312,320300
819,丰县,320321,320300
820,沛县,320322,320300
821,睢宁县,320324,320300
822,新沂市,320381,320300
823,邳州市,320382,320300
824,市辖区,320401,320400
825,天宁区,320402,320400
826,钟楼区,320404,320400
827,新北区,320411,320400
828,武进区,320412,320400
829,金坛区,320413,320400
830,溧阳市,320481,320400
831,市辖区,320501,320500
832,虎丘区,320505,320500
833,吴中区,320506,320500
834,相城区,320507,320500
835,姑苏区,320508,320500
836,吴江区,320509,320500
837,常熟市,320581,320500
838,张家港市,320582,320500
839,昆山市,320583,320500
840,太仓市,320585,320500
841,市辖区,320601,320600
842,崇川区,320602,320600
843,港闸区,320611,320600
844,通州区,320612,320600
845,海安县,320621,320600
846,如东县,320623,320600
847,启东市,320681,320600
848,如皋市,320682,320600
849,海门市,320684,320600
850,市辖区,320701,320700
851,连云区,320703,320700
852,海州区,320706,320700
853,赣榆区,320707,320700
854,东海县,320722,320700
855,灌云县,320723,320700
856,灌南县,320724,320700
857,市辖区,320801,320800
858,淮安区,320803,320800
859,淮阴区,320804,320800
860,清江浦区,320812,320800
861,洪泽区,320813,320800
862,涟水县,320826,320800
863,盱眙县,320830,320800
864,金湖县,320831,320800
865,市辖区,320901,320900
866,亭湖区,320902,320900
867,盐都区,320903,320900
868,大丰区,320904,320900
869,响水县,320921,320900
870,滨海县,320922,320900
871,阜宁县,320923,320900
872,射阳县,320924,320900
873,建湖县,320925,320900
874,东台市,320981,320900
875,市辖区,321001,321000
876,广陵区,321002,321000
877,邗江区,321003,321000
878,江都区,321012,321000
879,宝应县,321023,321000
880,仪征市,321081,321000
881,高邮市,321084,321000
882,市辖区,321101,321100
883,京口区,321102,321100
884,润州区,321111,321100
885,丹徒区,321112,321100
886,丹阳市,321181,321100
887,扬中市,321182,321100
888,句容市,321183,321100
889,市辖区,321201,321200
890,海陵区,321202,321200
891,高港区,321203,321200
892,姜堰区,321204,321200
893,兴化市,321281,321200
894,靖江市,321282,321200
895,泰兴市,321283,321200
896,市辖区,321301,321300
897,宿城区,321302,321300
898,宿豫区,321311,321300
899,沭阳县,321322,321300
900,泗阳县,321323,321300
901,泗洪县,321324,321300
902,市辖区,330101,330100
903,上城区,330102,330100
904,下城区,330103,330100
905,江干区,330104,330100
906,拱墅区,330105,330100
907,西湖区,330106,330100
908,滨江区,330108,330100
909,萧山区,330109,330100
910,余杭区,330110,330100
911,富阳区,330111,330100
912,桐庐县,330122,330100
913,淳安县,330127,330100
914,建德市,330182,330100
915,临安市,330185,330100
916,市辖区,330201,330200
917,海曙区,330203,330200
918,江东区,330204,330200
919,江北区,330205,330200
920,北仑区,330206,330200
921,镇海区,330211,330200
922,鄞州区,330212,330200
923,象山县,330225,330200
924,宁海县,330226,330200
925,余姚市,330281,330200
926,慈溪市,330282,330200
927,奉化市,330283,330200
928,市辖区,330301,330300
929,鹿城区,330302,330300
930,龙湾区,330303,330300
931,瓯海区,330304,330300
932,洞头区,330305,330300
933,永嘉县,330324,330300
934,平阳县,330326,330300
935,苍南县,330327,330300
936,文成县,330328,330300
937,泰顺县,330329,330300
938,瑞安市,330381,330300
939,乐清市,330382,330300
940,市辖区,330401,330400
941,南湖区,330402,330400
942,秀洲区,330411,330400
943,嘉善县,330421,330400
944,海盐县,330424,330400
945,海宁市,330481,330400
946,平湖市,330482,330400
947,桐乡市,330483,330400
948,市辖区,330501,330500
949,吴兴区,330502,330500
950,南浔区,330503,330500
951,德清县,330521,330500
952,长兴县,330522,330500
953,安吉县,330523,330500
954,市辖区,330601,330600
955,越城区,330602,330600
956,柯桥区,330603,330600
957,上虞区,330604,330600
958,新昌县,330624,330600
959,诸暨市,330681,330600
960,嵊州市,330683,330600
961,市辖区,330701,330700
962,婺城区,330702,330700
963,金东区,330703,330700
964,武义县,330723,330700
965,浦江县,330726,330700
966,磐安县,330727,330700
967,兰溪市,330781,330700
968,义乌市,330782,330700
969,东阳市,330783,330700
970,永康市,330784,330700
971,市辖区,330801,330800
972,柯城区,330802,330800
973,衢江区,330803,330800
974,常山县,330822,330800
975,开化县,330824,330800
976,龙游县,330825,330800
977,江山市,330881,330800
978,市辖区,330901,330900
979,定海区,330902,330900
980,普陀区,330903,330900
981,岱山县,330921,330900
982,嵊泗县,330922,330900
983,市辖区,331001,331000
984,椒江区,331002,331000
985,黄岩区,331003,331000
986,路桥区,331004,331000
987,玉环县,331021,331000
988,三门县,331022,331000
989,天台县,331023,331000
990,仙居县,331024,331000
991,温岭市,331081,331000
992,临海市,331082,331000
993,市辖区,331101,331100
994,莲都区,331102,331100
995,青田县,331121,331100
996,缙云县,331122,331100
997,遂昌县,331123,331100
998,松阳县,331124,331100
999,云和县,331125,331100
1000,庆元县,331126,331100
1001,景宁畲族自治县,331127,331100
1002,龙泉市,331181,331100
1003,市辖区,340101,340100
1004,瑶海区,340102,340100
1005,庐阳区,340103,340100
1006,蜀山区,340104,340100
1007,包河区,340111,340100
1008,长丰县,340121,340100
1009,肥东县,340122,340100
1010,肥西县,340123,340100
1011,庐江县,340124,340100
1012,巢湖市,340181,340100
1013,市辖区,340201,340200
1014,镜湖区,340202,340200
1015,弋江区,340203,340200
1016,鸠江区,340207,340200
1017,三山区,340208,340200
1018,芜湖县,340221,340200
1019,繁昌县,340222,340200
1020,南陵县,340223,340200
1021,无为县,340225,340200
1022,市辖区,340301,340300
1023,龙子湖区,340302,340300
1024,蚌山区,340303,340300
1025,禹会区,340304,340300
1026,淮上区,340311,340300
1027,怀远县,340321,340300
1028,五河县,340322,340300
1029,固镇县,340323,340300
1030,市辖区,340401,340400
1031,大通区,340402,340400
1032,田家庵区,340403,340400
1033,谢家集区,340404,340400
1034,八公山区,340405,340400
1035,潘集区,340406,340400
1036,凤台县,340421,340400
1037,寿县,340422,340400
1038,市辖区,340501,340500
1039,花山区,340503,340500
1040,雨山区,340504,340500
1041,博望区,340506,340500
1042,当涂县,340521,340500
1043,含山县,340522,340500
1044,和县,340523,340500
1045,市辖区,340601,340600
1046,杜集区,340602,340600
1047,相山区,340603,340600
1048,烈山区,340604,340600
1049,濉溪县,340621,340600
1050,市辖区,340701,340700
1051,铜官区,340705,340700
1052,义安区,340706,340700
1053,郊区,340711,340700
1054,枞阳县,340722,340700
1055,市辖区,340801,340800
1056,迎江区,340802,340800
1057,大观区,340803,340800
1058,宜秀区,340811,340800
1059,怀宁县,340822,340800
1060,潜山县,340824,340800
1061,太湖县,340825,340800
1062,宿松县,340826,340800
1063,望江县,340827,340800
1064,岳西县,340828,340800
1065,桐城市,340881,340800
1066,市辖区,341001,341000
1067,屯溪区,341002,341000
1068,黄山区,341003,341000
1069,徽州区,341004,341000
1070,歙县,341021,341000
1071,休宁县,341022,341000
1072,黟县,341023,341000
1073,祁门县,341024,341000
1074,市辖区,341101,341100
1075,琅琊区,341102,341100
1076,南谯区,341103,341100
1077,来安县,341122,341100
1078,全椒县,341124,341100
1079,定远县,341125,341100
1080,凤阳县,341126,341100
1081,天长市,341181,341100
1082,明光市,341182,341100
1083,市辖区,341201,341200
1084,颍州区,341202,341200
1085,颍东区,341203,341200
1086,颍泉区,341204,341200
1087,临泉县,341221,341200
1088,太和县,341222,341200
1089,阜南县,341225,341200
1090,颍上县,341226,341200
1091,界首市,341282,341200
1092,市辖区,341301,341300
1093,埇桥区,341302,341300
1094,砀山县,341321,341300
1095,萧县,341322,341300
1096,灵璧县,341323,341300
1097,泗县,341324,341300
1098,市辖区,341501,341500
1099,金安区,341502,341500
1100,裕安区,341503,341500
1101,叶集区,341504,341500
1102,霍邱县,341522,341500
1103,舒城县,341523,341500
1104,金寨县,341524,341500
1105,霍山县,341525,341500
1106,市辖区,341601,341600
1107,谯城区,341602,341600
1108,涡阳县,341621,341600
1109,蒙城县,341622,341600
1110,利辛县,341623,341600
1111,市辖区,341701,341700
1112,贵池区,341702,341700
1113,东至县,341721,341700
1114,石台县,341722,341700
1115,青阳县,341723,341700
1116,市辖区,341801,341800
1117,宣州区,341802,341800
1118,郎溪县,341821,341800
1119,广德县,341822,341800
1120,泾县,341823,341800
1121,绩溪县,341824,341800
1122,旌德县,341825,341800
1123,宁国市,341881,341800
1124,市辖区,350101,350100
1125,鼓楼区,350102,350100
1126,台江区,350103,350100
1127,仓山区,350104,350100
1128,马尾区,350105,350100
1129,晋安区,350111,350100
1130,闽侯县,350121,350100
1131,连江县,350122,350100
1132,罗源县,350123,350100
1133,闽清县,350124,350100
1134,永泰县,350125,350100
1135,平潭县,350128,350100
1136,福清市,350181,350100
1137,长乐市,350182,350100
1138,市辖区,350201,350200
1139,思明区,350203,350200
1140,海沧区,350205,350200
1141,湖里区,350206,350200
1142,集美区,350211,350200
1143,同安区,350212,350200
1144,翔安区,350213,350200
1145,市辖区,350301,350300
1146,城厢区,350302,350300
1147,涵江区,350303,350300
1148,荔城区,350304,350300
1149,秀屿区,350305,350300
1150,仙游县,350322,350300
1151,市辖区,350401,350400
1152,梅列区,350402,350400
1153,三元区,350403,350400
1154,明溪县,350421,350400
1155,清流县,350423,350400
1156,宁化县,350424,350400
1157,大田县,350425,350400
1158,尤溪县,350426,350400
1159,沙县,350427,350400
1160,将乐县,350428,350400
1161,泰宁县,350429,350400
1162,建宁县,350430,350400
1163,永安市,350481,350400
1164,市辖区,350501,350500
1165,鲤城区,350502,350500
1166,丰泽区,350503,350500
1167,洛江区,350504,350500
1168,泉港区,350505,350500
1169,惠安县,350521,350500
1170,安溪县,350524,350500
1171,永春县,350525,350500
1172,德化县,350526,350500
1173,金门县,350527,350500
1174,石狮市,350581,350500
1175,晋江市,350582,350500
1176,南安市,350583,350500
1177,市辖区,350601,350600
1178,芗城区,350602,350600
1179,龙文区,350603,350600
1180,云霄县,350622,350600
1181,漳浦县,350623,350600
1182,诏安县,350624,350600
1183,长泰县,350625,350600
1184,东山县,350626,350600
1185,南靖县,350627,350600
1186,平和县,350628,350600
1187,华安县,350629,350600
1188,龙海市,350681,350600
1189,市辖区,350701,350700
1190,延平区,350702,350700
1191,建阳区,350703,350700
1192,顺昌县,350721,350700
1193,浦城县,350722,350700
1194,光泽县,350723,350700
1195,松溪县,350724,350700
1196,政和县,350725,350700
1197,邵武市,350781,350700
1198,武夷山市,350782,350700
1199,建瓯市,350783,350700
1200,市辖区,350801,350800
1201,新罗区,350802,350800
1202,永定区,350803,350800
1203,长汀县,350821,350800
1204,上杭县,350823,350800
1205,武平县,350824,350800
1206,连城县,350825,350800
1207,漳平市,350881,350800
1208,市辖区,350901,350900
1209,蕉城区,350902,350900
1210,霞浦县,350921,350900
1211,古田县,350922,350900
1212,屏南县,350923,350900
1213,寿宁县,350924,350900
1214,周宁县,350925,350900
1215,柘荣县,350926,350900
1216,福安市,350981,350900
1217,福鼎市,350982,350900
1218,市辖区,360101,360100
1219,东湖区,360102,360100
1220,西湖区,360103,360100
1221,青云谱区,360104,360100
1222,湾里区,360105,360100
1223,青山湖区,360111,360100
1224,新建区,360112,360100
1225,南昌县,360121,360100
1226,安义县,360123,360100
1227,进贤县,360124,360100
1228,市辖区,360201,360200
1229,昌江区,360202,360200
1230,珠山区,360203,360200
1231,浮梁县,360222,360200
1232,乐平市,360281,360200
1233,市辖区,360301,360300
1234,安源区,360302,360300
1235,湘东区,360313,360300
1236,莲花县,360321,360300
1237,上栗县,360322,360300
1238,芦溪县,360323,360300
1239,市辖区,360401,360400
1240,濂溪区,360402,360400
1241,浔阳区,360403,360400
1242,九江县,360421,360400
1243,武宁县,360423,360400
1244,修水县,360424,360400
1245,永修县,360425,360400
1246,德安县,360426,360400
1247,都昌县,360428,360400
1248,湖口县,360429,360400
1249,彭泽县,360430,360400
1250,瑞昌市,360481,360400
1251,共青城市,360482,360400
1252,庐山市,360483,360400
1253,市辖区,360501,360500
1254,渝水区,360502,360500
1255,分宜县,360521,360500
1256,市辖区,360601,360600
1257,月湖区,360602,360600
1258,余江县,360622,360600
1259,贵溪市,360681,360600
1260,市辖区,360701,360700
1261,章贡区,360702,360700
1262,南康区,360703,360700
1263,赣县,360721,360700
1264,信丰县,360722,360700
1265,大余县,360723,360700
1266,上犹县,360724,360700
1267,崇义县,360725,360700
1268,安远县,360726,360700
1269,龙南县,360727,360700
1270,定南县,360728,360700
1271,全南县,360729,360700
1272,宁都县,360730,360700
1273,于都县,360731,360700
1274,兴国县,360732,360700
1275,会昌县,360733,360700
1276,寻乌县,360734,360700
1277,石城县,360735,360700
1278,瑞金市,360781,360700
1279,市辖区,360801,360800
1280,吉州区,360802,360800
1281,青原区,360803,360800
1282,吉安县,360821,360800
1283,吉水县,360822,360800
1284,峡江县,360823,360800
1285,新干县,360824,360800
1286,永丰县,360825,360800
1287,泰和县,360826,360800
1288,遂川县,360827,360800
1289,万安县,360828,360800
1290,安福县,360829,360800
1291,永新县,360830,360800
1292,井冈山市,360881,360800
1293,市辖区,360901,360900
1294,袁州区,360902,360900
1295,奉新县,360921,360900
1296,万载县,360922,360900
1297,上高县,360923,360900
1298,宜丰县,360924,360900
1299,靖安县,360925,360900
1300,铜鼓县,360926,360900
1301,丰城市,360981,360900
1302,樟树市,360982,360900
1303,高安市,360983,360900
1304,市辖区,361001,361000
1305,临川区,361002,361000
1306,南城县,361021,361000
1307,黎川县,361022,361000
1308,南丰县,361023,361000
1309,崇仁县,361024,361000
1310,乐安县,361025,361000
1311,宜黄县,361026,361000
1312,金溪县,361027,361000
1313,资溪县,361028,361000
1314,东乡县,361029,361000
1315,广昌县,361030,361000
1316,市辖区,361101,361100
1317,信州区,361102,361100
1318,广丰区,361103,361100
1319,上饶县,361121,361100
1320,玉山县,361123,361100
1321,铅山县,361124,361100
1322,横峰县,361125,361100
1323,弋阳县,361126,361100
1324,余干县,361127,361100
1325,鄱阳县,361128,361100
1326,万年县,361129,361100
1327,婺源县,361130,361100
1328,德兴市,361181,361100
1329,市辖区,370101,370100
1330,历下区,370102,370100
1331,市中区,370103,370100
1332,槐荫区,370104,370100
1333,天桥区,370105,370100
1334,历城区,370112,370100
1335,长清区,370113,370100
1336,平阴县,370124,370100
1337,济阳县,370125,370100
1338,商河县,370126,370100
1339,章丘市,370181,370100
1340,市辖区,370201,370200
1341,市南区,370202,370200
1342,市北区,370203,370200
1343,黄岛区,370211,370200
1344,崂山区,370212,370200
1345,李沧区,370213,370200
1346,城阳区,370214,370200
1347,胶州市,370281,370200
1348,即墨市,370282,370200
1349,平度市,370283,370200
1350,莱西市,370285,370200
1351,市辖区,370301,370300
1352,淄川区,370302,370300
1353,张店区,370303,370300
1354,博山区,370304,370300
1355,临淄区,370305,370300
1356,周村区,370306,370300
1357,桓台县,370321,370300
1358,高青县,370322,370300
1359,沂源县,370323,370300
1360,市辖区,370401,370400
1361,市中区,370402,370400
1362,薛城区,370403,370400
1363,峄城区,370404,370400
1364,台儿庄区,370405,370400
1365,山亭区,370406,370400
1366,滕州市,370481,370400
1367,市辖区,370501,370500
1368,东营区,370502,370500
1369,河口区,370503,370500
1370,垦利区,370505,370500
1371,利津县,370522,370500
1372,广饶县,370523,370500
1373,市辖区,370601,370600
1374,芝罘区,370602,370600
1375,福山区,370611,370600
1376,牟平区,370612,370600
1377,莱山区,370613,370600
1378,长岛县,370634,370600
1379,龙口市,370681,370600
1380,莱阳市,370682,370600
1381,莱州市,370683,370600
1382,蓬莱市,370684,370600
1383,招远市,370685,370600
1384,栖霞市,370686,370600
1385,海阳市,370687,370600
1386,市辖区,370701,370700
1387,潍城区,370702,370700
1388,寒亭区,370703,370700
1389,坊子区,370704,370700
1390,奎文区,370705,370700
1391,临朐县,370724,370700
1392,昌乐县,370725,370700
1393,青州市,370781,370700
1394,诸城市,370782,370700
1395,寿光市,370783,370700
1396,安丘市,370784,370700
1397,高密市,370785,370700
1398,昌邑市,370786,370700
1399,市辖区,370801,370800
1400,任城区,370811,370800
1401,兖州区,370812,370800
1402,微山县,370826,370800
1403,鱼台县,370827,370800
1404,金乡县,370828,370800
1405,嘉祥县,370829,370800
1406,汶上县,370830,370800
1407,泗水县,370831,370800
1408,梁山县,370832,370800
1409,曲阜市,370881,370800
1410,邹城市,370883,370800
1411,市辖区,370901,370900
1412,泰山区,370902,370900
1413,岱岳区,370911,370900
1414,宁阳县,370921,370900
1415,东平县,370923,370900
1416,新泰市,370982,370900
1417,肥城市,370983,370900
1418,市辖区,371001,371000
1419,环翠区,371002,371000
1420,文登区,371003,371000
1421,荣成市,371082,371000
1422,乳山市,371083,371000
1423,市辖区,371101,371100
1424,东港区,371102,371100
1425,岚山区,371103,371100
1426,五莲县,371121,371100
1427,莒县,371122,371100
1428,市辖区,371201,371200
1429,莱城区,371202,371200
1430,钢城区,371203,371200
1431,市辖区,371301,371300
1432,兰山区,371302,371300
1433,罗庄区,371311,371300
1434,河东区,371312,371300
1435,沂南县,371321,371300
1436,郯城县,371322,371300
1437,沂水县,371323,371300
1438,兰陵县,371324,371300
1439,费县,371325,371300
1440,平邑县,371326,371300
1441,莒南县,371327,371300
1442,蒙阴县,371328,371300
1443,临沭县,371329,371300
1444,市辖区,371401,371400
1445,德城区,371402,371400
1446,陵城区,371403,371400
1447,宁津县,371422,371400
1448,庆云县,371423,371400
1449,临邑县,371424,371400
1450,齐河县,371425,371400
1451,平原县,371426,371400
1452,夏津县,371427,371400
1453,武城县,371428,371400
1454,乐陵市,371481,371400
1455,禹城市,371482,371400
1456,市辖区,371501,371500
1457,东昌府区,371502,371500
1458,阳谷县,371521,371500
1459,莘县,371522,371500
1460,茌平县,371523,371500
1461,东阿县,371524,371500
1462,冠县,371525,371500
1463,高唐县,371526,371500
1464,临清市,371581,371500
1465,市辖区,371601,371600
1466,滨城区,371602,371600
1467,沾化区,371603,371600
1468,惠民县,371621,371600
1469,阳信县,371622,371600
1470,无棣县,371623,371600
1471,博兴县,371625,371600
1472,邹平县,371626,371600
1473,市辖区,371701,371700
1474,牡丹区,371702,371700
1475,定陶区,371703,371700
1476,曹县,371721,371700
1477,单县,371722,371700
1478,成武县,371723,371700
1479,巨野县,371724,371700
1480,郓城县,371725,371700
1481,鄄城县,371726,371700
1482,东明县,371728,371700
1483,市辖区,410101,410100
1484,中原区,410102,410100
1485,二七区,410103,410100
1486,管城回族区,410104,410100
1487,金水区,410105,410100
1488,上街区,410106,410100
1489,惠济区,410108,410100
1490,中牟县,410122,410100
1491,巩义市,410181,410100
1492,荥阳市,410182,410100
1493,新密市,410183,410100
1494,新郑市,410184,410100
1495,登封市,410185,410100
1496,市辖区,410201,410200
1497,龙亭区,410202,410200
1498,顺河回族区,410203,410200
1499,鼓楼区,410204,410200
1500,禹王台区,410205,410200
1501,金明区,410211,410200
1502,祥符区,410212,410200
1503,杞县,410221,410200
1504,通许县,410222,410200
1505,尉氏县,410223,410200
1506,兰考县,410225,410200
1507,市辖区,410301,410300
1508,老城区,410302,410300
1509,西工区,410303,410300
1510,瀍河回族区,410304,410300
1511,涧西区,410305,410300
1512,吉利区,410306,410300
1513,洛龙区,410311,410300
1514,孟津县,410322,410300
1515,新安县,410323,410300
1516,栾川县,410324,410300
1517,嵩县,410325,410300
1518,汝阳县,410326,410300
1519,宜阳县,410327,410300
1520,洛宁县,410328,410300
1521,伊川县,410329,410300
1522,偃师市,410381,410300
1523,市辖区,410401,410400
1524,新华区,410402,410400
1525,卫东区,410403,410400
1526,石龙区,410404,410400
1527,湛河区,410411,410400
1528,宝丰县,410421,410400
1529,叶县,410422,410400
1530,鲁山县,410423,410400
1531,郏县,410425,410400
1532,舞钢市,410481,410400
1533,汝州市,410482,410400
1534,市辖区,410501,410500
1535,文峰区,410502,410500
1536,北关区,410503,410500
1537,殷都区,410505,410500
1538,龙安区,410506,410500
1539,安阳县,410522,410500
1540,汤阴县,410523,410500
1541,滑县,410526,410500
1542,内黄县,410527,410500
1543,林州市,410581,410500
1544,市辖区,410601,410600
1545,鹤山区,410602,410600
1546,山城区,410603,410600
1547,淇滨区,410611,410600
1548,浚县,410621,410600
1549,淇县,410622,410600
1550,市辖区,410701,410700
1551,红旗区,410702,410700
1552,卫滨区,410703,410700
1553,凤泉区,410704,410700
1554,牧野区,410711,410700
1555,新乡县,410721,410700
1556,获嘉县,410724,410700
1557,原阳县,410725,410700
1558,延津县,410726,410700
1559,封丘县,410727,410700
1560,长垣县,410728,410700
1561,卫辉市,410781,410700
1562,辉县市,410782,410700
1563,市辖区,410801,410800
1564,解放区,410802,410800
1565,中站区,410803,410800
1566,马村区,410804,410800
1567,山阳区,410811,410800
1568,修武县,410821,410800
1569,博爱县,410822,410800
1570,武陟县,410823,410800
1571,温县,410825,410800
1572,沁阳市,410882,410800
1573,孟州市,410883,410800
1574,市辖区,410901,410900
1575,华龙区,410902,410900
1576,清丰县,410922,410900
1577,南乐县,410923,410900
1578,范县,410926,410900
1579,台前县,410927,410900
1580,濮阳县,410928,410900
1581,市辖区,411001,411000
1582,魏都区,411002,411000
1583,许昌县,411023,411000
1584,鄢陵县,411024,411000
1585,襄城县,411025,411000
1586,禹州市,411081,411000
1587,长葛市,411082,411000
1588,市辖区,411101,411100
1589,源汇区,411102,411100
1590,郾城区,411103,411100
1591,召陵区,411104,411100
1592,舞阳县,411121,411100
1593,临颍县,411122,411100
1594,市辖区,411201,411200
1595,湖滨区,411202,411200
1596,陕州区,411203,411200
1597,渑池县,411221,411200
1598,卢氏县,411224,411200
1599,义马市,411281,411200
1600,灵宝市,411282,411200
1601,市辖区,411301,411300
1602,宛城区,411302,411300
1603,卧龙区,411303,411300
1604,南召县,411321,411300
1605,方城县,411322,411300
1606,西峡县,411323,411300
1607,镇平县,411324,411300
1608,内乡县,411325,411300
1609,淅川县,411326,411300
1610,社旗县,411327,411300
1611,唐河县,411328,411300
1612,新野县,411329,411300
1613,桐柏县,411330,411300
1614,邓州市,411381,411300
1615,市辖区,411401,411400
1616,梁园区,411402,411400
1617,睢阳区,411403,411400
1618,民权县,411421,411400
1619,睢县,411422,411400
1620,宁陵县,411423,411400
1621,柘城县,411424,411400
1622,虞城县,411425,411400
1623,夏邑县,411426,411400
1624,永城市,411481,411400
1625,市辖区,411501,411500
1626,浉河区,411502,411500
1627,平桥区,411503,411500
1628,罗山县,411521,411500
1629,光山县,411522,411500
1630,新县,411523,411500
1631,商城县,411524,411500
1632,固始县,411525,411500
1633,潢川县,411526,411500
1634,淮滨县,411527,411500
1635,息县,411528,411500
1636,市辖区,411601,411600
1637,川汇区,411602,411600
1638,扶沟县,411621,411600
1639,西华县,411622,411600
1640,商水县,411623,411600
1641,沈丘县,411624,411600
1642,郸城县,411625,411600
1643,淮阳县,411626,411600
1644,太康县,411627,411600
1645,鹿邑县,411628,411600
1646,项城市,411681,411600
1647,市辖区,411701,411700
1648,驿城区,411702,411700
1649,西平县,411721,411700
1650,上蔡县,411722,411700
1651,平舆县,411723,411700
1652,正阳县,411724,411700
1653,确山县,411725,411700
1654,泌阳县,411726,411700
1655,汝南县,411727,411700
1656,遂平县,411728,411700
1657,新蔡县,411729,411700
1658,济源市,419001,419000
1659,市辖区,420101,420100
1660,江岸区,420102,420100
1661,江汉区,420103,420100
1662,硚口区,420104,420100
1663,汉阳区,420105,420100
1664,武昌区,420106,420100
1665,青山区,420107,420100
1666,洪山区,420111,420100
1667,东西湖区,420112,420100
1668,汉南区,420113,420100
1669,蔡甸区,420114,420100
1670,江夏区,420115,420100
1671,黄陂区,420116,420100
1672,新洲区,420117,420100
1673,市辖区,420201,420200
1674,黄石港区,420202,420200
1675,西塞山区,420203,420200
1676,下陆区,420204,420200
1677,铁山区,420205,420200
1678,阳新县,420222,420200
1679,大冶市,420281,420200
1680,市辖区,420301,420300
1681,茅箭区,420302,420300
1682,张湾区,420303,420300
1683,郧阳区,420304,420300
1684,郧西县,420322,420300
1685,竹山县,420323,420300
1686,竹溪县,420324,420300
1687,房县,420325,420300
1688,丹江口市,420381,420300
1689,市辖区,420501,420500
1690,西陵区,420502,420500
1691,伍家岗区,420503,420500
1692,点军区,420504,420500
1693,猇亭区,420505,420500
1694,夷陵区,420506,420500
1695,远安县,420525,420500
1696,兴山县,420526,420500
1697,秭归县,420527,420500
1698,长阳土家族自治县,420528,420500
1699,五峰土家族自治县,420529,420500
1700,宜都市,420581,420500
1701,当阳市,420582,420500
1702,枝江市,420583,420500
1703,市辖区,420601,420600
1704,襄城区,420602,420600
1705,樊城区,420606,420600
1706,襄州区,420607,420600
1707,南漳县,420624,420600
1708,谷城县,420625,420600
1709,保康县,420626,420600
1710,老河口市,420682,420600
1711,枣阳市,420683,420600
1712,宜城市,420684,420600
1713,市辖区,420701,420700
1714,梁子湖区,420702,420700
1715,华容区,420703,420700
1716,鄂城区,420704,420700
1717,市辖区,420801,420800
1718,东宝区,420802,420800
1719,掇刀区,420804,420800
1720,京山县,420821,420800
1721,沙洋县,420822,420800
1722,钟祥市,420881,420800
1723,市辖区,420901,420900
1724,孝南区,420902,420900
1725,孝昌县,420921,420900
1726,大悟县,420922,420900
1727,云梦县,420923,420900
1728,应城市,420981,420900
1729,安陆市,420982,420900
1730,汉川市,420984,420900
1731,市辖区,421001,421000
1732,沙市区,421002,421000
1733,荆州区,421003,421000
1734,公安县,421022,421000
1735,监利县,421023,421000
1736,江陵县,421024,421000
1737,石首市,421081,421000
1738,洪湖市,421083,421000
1739,松滋市,421087,421000
1740,市辖区,421101,421100
1741,黄州区,421102,421100
1742,团风县,421121,421100
1743,红安县,421122,421100
1744,罗田县,421123,421100
1745,英山县,421124,421100
1746,浠水县,421125,421100
1747,蕲春县,421126,421100
1748,黄梅县,421127,421100
1749,麻城市,421181,421100
1750,武穴市,421182,421100
1751,市辖区,421201,421200
1752,咸安区,421202,421200
1753,嘉鱼县,421221,421200
1754,通城县,421222,421200
1755,崇阳县,421223,421200
1756,通山县,421224,421200
1757,赤壁市,421281,421200
1758,市辖区,421301,421300
1759,曾都区,421303,421300
1760,随县,421321,421300
1761,广水市,421381,421300
1762,恩施市,422801,422800
1763,利川市,422802,422800
1764,建始县,422822,422800
1765,巴东县,422823,422800
1766,宣恩县,422825,422800
1767,咸丰县,422826,422800
1768,来凤县,422827,422800
1769,鹤峰县,422828,422800
1770,仙桃市,429004,429000
1771,潜江市,429005,429000
1772,天门市,429006,429000
1773,神农架林区,429021,429000
1774,市辖区,430101,430100
1775,芙蓉区,430102,430100
1776,天心区,430103,430100
1777,岳麓区,430104,430100
1778,开福区,430105,430100
1779,雨花区,430111,430100
1780,望城区,430112,430100
1781,长沙县,430121,430100
1782,宁乡县,430124,430100
1783,浏阳市,430181,430100
1784,市辖区,430201,430200
1785,荷塘区,430202,430200
1786,芦淞区,430203,430200
1787,石峰区,430204,430200
1788,天元区,430211,430200
1789,株洲县,430221,430200
1790,攸县,430223,430200
1791,茶陵县,430224,430200
1792,炎陵县,430225,430200
1793,醴陵市,430281,430200
1794,市辖区,430301,430300
1795,雨湖区,430302,430300
1796,岳塘区,430304,430300
1797,湘潭县,430321,430300
1798,湘乡市,430381,430300
1799,韶山市,430382,430300
1800,市辖区,430401,430400
1801,珠晖区,430405,430400
1802,雁峰区,430406,430400
1803,石鼓区,430407,430400
1804,蒸湘区,430408,430400
1805,南岳区,430412,430400
1806,衡阳县,430421,430400
1807,衡南县,430422,430400
1808,衡山县,430423,430400
1809,衡东县,430424,430400
1810,祁东县,430426,430400
1811,耒阳市,430481,430400
1812,常宁市,430482,430400
1813,市辖区,430501,430500
1814,双清区,430502,430500
1815,大祥区,430503,430500
1816,北塔区,430511,430500
1817,邵东县,430521,430500
1818,新邵县,430522,430500
1819,邵阳县,430523,430500
1820,隆回县,430524,430500
1821,洞口县,430525,430500
1822,绥宁县,430527,430500
1823,新宁县,430528,430500
1824,城步苗族自治县,430529,430500
1825,武冈市,430581,430500
1826,市辖区,430601,430600
1827,岳阳楼区,430602,430600
1828,云溪区,430603,430600
1829,君山区,430611,430600
1830,岳阳县,430621,430600
1831,华容县,430623,430600
1832,湘阴县,430624,430600
1833,平江县,430626,430600
1834,汨罗市,430681,430600
1835,临湘市,430682,430600
1836,市辖区,430701,430700
1837,武陵区,430702,430700
1838,鼎城区,430703,430700
1839,安乡县,430721,430700
1840,汉寿县,430722,430700
1841,澧县,430723,430700
1842,临澧县,430724,430700
1843,桃源县,430725,430700
1844,石门县,430726,430700
1845,津市市,430781,430700
1846,市辖区,430801,430800
1847,永定区,430802,430800
1848,武陵源区,430811,430800
1849,慈利县,430821,430800
1850,桑植县,430822,430800
1851,市辖区,430901,430900
1852,资阳区,430902,430900
1853,赫山区,430903,430900
1854,南县,430921,430900
1855,桃江县,430922,430900
1856,安化县,430923,430900
1857,沅江市,430981,430900
1858,市辖区,431001,431000
1859,北湖区,431002,431000
1860,苏仙区,431003,431000
1861,桂阳县,431021,431000
1862,宜章县,431022,431000
1863,永兴县,431023,431000
1864,嘉禾县,431024,431000
1865,临武县,431025,431000
1866,汝城县,431026,431000
1867,桂东县,431027,431000
1868,安仁县,431028,431000
1869,资兴市,431081,431000
1870,市辖区,431101,431100
1871,零陵区,431102,431100
1872,冷水滩区,431103,431100
1873,祁阳县,431121,431100
1874,东安县,431122,431100
1875,双牌县,431123,431100
1876,道县,431124,431100
1877,江永县,431125,431100
1878,宁远县,431126,431100
1879,蓝山县,431127,431100
1880,新田县,431128,431100
1881,江华瑶族自治县,431129,431100
1882,市辖区,431201,431200
1883,鹤城区,431202,431200
1884,中方县,431221,431200
1885,沅陵县,431222,431200
1886,辰溪县,431223,431200
1887,溆浦县,431224,431200
1888,会同县,431225,431200
1889,麻阳苗族自治县,431226,431200
1890,新晃侗族自治县,431227,431200
1891,芷江侗族自治县,431228,431200
1892,靖州苗族侗族自治县,431229,431200
1893,通道侗族自治县,431230,431200
1894,洪江市,431281,431200
1895,市辖区,431301,431300
1896,娄星区,431302,431300
1897,双峰县,431321,431300
1898,新化县,431322,431300
1899,冷水江市,431381,431300
1900,涟源市,431382,431300
1901,吉首市,433101,433100
1902,泸溪县,433122,433100
1903,凤凰县,433123,433100
1904,花垣县,433124,433100
1905,保靖县,433125,433100
1906,古丈县,433126,433100
1907,永顺县,433127,433100
1908,龙山县,433130,433100
1909,市辖区,440101,440100
1910,荔湾区,440103,440100
1911,越秀区,440104,440100
1912,海珠区,440105,440100
1913,天河区,440106,440100
1914,白云区,440111,440100
1915,黄埔区,440112,440100
1916,番禺区,440113,440100
1917,花都区,440114,440100
1918,南沙区,440115,440100
1919,从化区,440117,440100
1920,增城区,440118,440100
1921,市辖区,440201,440200
1922,武江区,440203,440200
1923,浈江区,440204,440200
1924,曲江区,440205,440200
1925,始兴县,440222,440200
1926,仁化县,440224,440200
1927,翁源县,440229,440200
1928,乳源瑶族自治县,440232,440200
1929,新丰县,440233,440200
1930,乐昌市,440281,440200
1931,南雄市,440282,440200
1932,市辖区,440301,440300
1933,罗湖区,440303,440300
1934,福田区,440304,440300
1935,南山区,440305,440300
1936,宝安区,440306,440300
1937,龙岗区,440307,440300
1938,盐田区,440308,440300
1939,市辖区,440401,440400
1940,香洲区,440402,440400
1941,斗门区,440403,440400
1942,金湾区,440404,440400
1943,市辖区,440501,440500
1944,龙湖区,440507,440500
1945,金平区,440511,440500
1946,濠江区,440512,440500
1947,潮阳区,440513,440500
1948,潮南区,440514,440500
1949,澄海区,440515,440500
1950,南澳县,440523,440500
1951,市辖区,440601,440600
1952,禅城区,440604,440600
1953,南海区,440605,440600
1954,顺德区,440606,440600
1955,三水区,440607,440600
1956,高明区,440608,440600
1957,市辖区,440701,440700
1958,蓬江区,440703,440700
1959,江海区,440704,440700
1960,新会区,440705,440700
1961,台山市,440781,440700
1962,开平市,440783,440700
1963,鹤山市,440784,440700
1964,恩平市,440785,440700
1965,市辖区,440801,440800
1966,赤坎区,440802,440800
1967,霞山区,440803,440800
1968,坡头区,440804,440800
1969,麻章区,440811,440800
1970,遂溪县,440823,440800
1971,徐闻县,440825,440800
1972,廉江市,440881,440800
1973,雷州市,440882,440800
1974,吴川市,440883,440800
1975,市辖区,440901,440900
1976,茂南区,440902,440900
1977,电白区,440904,440900
1978,高州市,440981,440900
1979,化州市,440982,440900
1980,信宜市,440983,440900
1981,市辖区,441201,441200
1982,端州区,441202,441200
1983,鼎湖区,441203,441200
1984,高要区,441204,441200
1985,广宁县,441223,441200
1986,怀集县,441224,441200
1987,封开县,441225,441200
1988,德庆县,441226,441200
1989,四会市,441284,441200
1990,市辖区,441301,441300
1991,惠城区,441302,441300
1992,惠阳区,441303,441300
1993,博罗县,441322,441300
1994,惠东县,441323,441300
1995,龙门县,441324,441300
1996,市辖区,441401,441400
1997,梅江区,441402,441400
1998,梅县区,441403,441400
1999,大埔县,441422,441400
2000,丰顺县,441423,441400
2001,五华县,441424,441400
2002,平远县,441426,441400
2003,蕉岭县,441427,441400
2004,兴宁市,441481,441400
2005,市辖区,441501,441500
2006,城区,441502,441500
2007,海丰县,441521,441500
2008,陆河县,441523,441500
2009,陆丰市,441581,441500
2010,市辖区,441601,441600
2011,源城区,441602,441600
2012,紫金县,441621,441600
2013,龙川县,441622,441600
2014,连平县,441623,441600
2015,和平县,441624,441600
2016,东源县,441625,441600
2017,市辖区,441701,441700
2018,江城区,441702,441700
2019,阳东区,441704,441700
2020,阳西县,441721,441700
2021,阳春市,441781,441700
2022,市辖区,441801,441800
2023,清城区,441802,441800
2024,清新区,441803,441800
2025,佛冈县,441821,441800
2026,阳山县,441823,441800
2027,连山壮族瑶族自治县,441825,441800
2028,连南瑶族自治县,441826,441800
2029,英德市,441881,441800
2030,连州市,441882,441800
2031,市辖区,445101,445100
2032,湘桥区,445102,445100
2033,潮安区,445103,445100
2034,饶平县,445122,445100
2035,市辖区,445201,445200
2036,榕城区,445202,445200
2037,揭东区,445203,445200
2038,揭西县,445222,445200
2039,惠来县,445224,445200
2040,普宁市,445281,445200
2041,市辖区,445301,445300
2042,云城区,445302,445300
2043,云安区,445303,445300
2044,新兴县,445321,445300
2045,郁南县,445322,445300
2046,罗定市,445381,445300
2047,市辖区,450101,450100
2048,兴宁区,450102,450100
2049,青秀区,450103,450100
2050,江南区,450105,450100
2051,西乡塘区,450107,450100
2052,良庆区,450108,450100
2053,邕宁区,450109,450100
2054,武鸣区,450110,450100
2055,隆安县,450123,450100
2056,马山县,450124,450100
2057,上林县,450125,450100
2058,宾阳县,450126,450100
2059,横县,450127,450100
2060,市辖区,450201,450200
2061,城中区,450202,450200
2062,鱼峰区,450203,450200
2063,柳南区,450204,450200
2064,柳北区,450205,450200
2065,柳江区,450206,450200
2066,柳城县,450222,450200
2067,鹿寨县,450223,450200
2068,融安县,450224,450200
2069,融水苗族自治县,450225,450200
2070,三江侗族自治县,450226,450200
2071,市辖区,450301,450300
2072,秀峰区,450302,450300
2073,叠彩区,450303,450300
2074,象山区,450304,450300
2075,七星区,450305,450300
2076,雁山区,450311,450300
2077,临桂区,450312,450300
2078,阳朔县,450321,450300
2079,灵川县,450323,450300
2080,全州县,450324,450300
2081,兴安县,450325,450300
2082,永福县,450326,450300
2083,灌阳县,450327,450300
2084,龙胜各族自治县,450328,450300
2085,资源县,450329,450300
2086,平乐县,450330,450300
2087,荔浦县,450331,450300
2088,恭城瑶族自治县,450332,450300
2089,市辖区,450401,450400
2090,万秀区,450403,450400
2091,长洲区,450405,450400
2092,龙圩区,450406,450400
2093,苍梧县,450421,450400
2094,藤县,450422,450400
2095,蒙山县,450423,450400
2096,岑溪市,450481,450400
2097,市辖区,450501,450500
2098,海城区,450502,450500
2099,银海区,450503,450500
2100,铁山港区,450512,450500
2101,合浦县,450521,450500
2102,市辖区,450601,450600
2103,港口区,450602,450600
2104,防城区,450603,450600
2105,上思县,450621,450600
2106,东兴市,450681,450600
2107,市辖区,450701,450700
2108,钦南区,450702,450700
2109,钦北区,450703,450700
2110,灵山县,450721,450700
2111,浦北县,450722,450700
2112,市辖区,450801,450800
2113,港北区,450802,450800
2114,港南区,450803,450800
2115,覃塘区,450804,450800
2116,平南县,450821,450800
2117,桂平市,450881,450800
2118,市辖区,450901,450900
2119,玉州区,450902,450900
2120,福绵区,450903,450900
2121,容县,450921,450900
2122,陆川县,450922,450900
2123,博白县,450923,450900
2124,兴业县,450924,450900
2125,北流市,450981,450900
2126,市辖区,451001,451000
2127,右江区,451002,451000
2128,田阳县,451021,451000
2129,田东县,451022,451000
2130,平果县,451023,451000
2131,德保县,451024,451000
2132,那坡县,451026,451000
2133,凌云县,451027,451000
2134,乐业县,451028,451000
2135,田林县,451029,451000
2136,西林县,451030,451000
2137,隆林各族自治县,451031,451000
2138,靖西市,451081,451000
2139,市辖区,451101,451100
2140,八步区,451102,451100
2141,平桂区,451103,451100
2142,昭平县,451121,451100
2143,钟山县,451122,451100
2144,富川瑶族自治县,451123,451100
2145,市辖区,451201,451200
2146,金城江区,451202,451200
2147,南丹县,451221,451200
2148,天峨县,451222,451200
2149,凤山县,451223,451200
2150,东兰县,451224,451200
2151,罗城仫佬族自治县,451225,451200
2152,环江毛南族自治县,451226,451200
2153,巴马瑶族自治县,451227,451200
2154,都安瑶族自治县,451228,451200
2155,大化瑶族自治县,451229,451200
2156,宜州市,451281,451200
2157,市辖区,451301,451300
2158,兴宾区,451302,451300
2159,忻城县,451321,451300
2160,象州县,451322,451300
2161,武宣县,451323,451300
2162,金秀瑶族自治县,451324,451300
2163,合山市,451381,451300
2164,市辖区,451401,451400
2165,江州区,451402,451400
2166,扶绥县,451421,451400
2167,宁明县,451422,451400
2168,龙州县,451423,451400
2169,大新县,451424,451400
2170,天等县,451425,451400
2171,凭祥市,451481,451400
2172,市辖区,460101,460100
2173,秀英区,460105,460100
2174,龙华区,460106,460100
2175,琼山区,460107,460100
2176,美兰区,460108,460100
2177,市辖区,460201,460200
2178,海棠区,460202,460200
2179,吉阳区,460203,460200
2180,天涯区,460204,460200
2181,崖州区,460205,460200
2182,五指山市,469001,469000
2183,琼海市,469002,469000
2184,文昌市,469005,469000
2185,万宁市,469006,469000
2186,东方市,469007,469000
2187,定安县,469021,469000
2188,屯昌县,469022,469000
2189,澄迈县,469023,469000
2190,临高县,469024,469000
2191,白沙黎族自治县,469025,469000
2192,昌江黎族自治县,469026,469000
2193,乐东黎族自治县,469027,469000
2194,陵水黎族自治县,469028,469000
2195,保亭黎族苗族自治县,469029,469000
2196,琼中黎族苗族自治县,469030,469000
2197,万州区,500101,500100
2198,涪陵区,500102,500100
2199,渝中区,500103,500100
2200,大渡口区,500104,500100
2201,江北区,500105,500100
2202,沙坪坝区,500106,500100
2203,九龙坡区,500107,500100
2204,南岸区,500108,500100
2205,北碚区,500109,500100
2206,綦江区,500110,500100
2207,大足区,500111,500100
2208,渝北区,500112,500100
2209,巴南区,500113,500100
2210,黔江区,500114,500100
2211,长寿区,500115,500100
2212,江津区,500116,500100
2213,合川区,500117,500100
2214,永川区,500118,500100
2215,南川区,500119,500100
2216,璧山区,500120,500100
2217,铜梁区,500151,500100
2218,潼南区,500152,500100
2219,荣昌区,500153,500100
2220,开州区,500154,500100
2221,梁平县,500228,500200
2222,城口县,500229,500200
2223,丰都县,500230,500200
2224,垫江县,500231,500200
2225,武隆县,500232,500200
2226,忠县,500233,500200
2227,云阳县,500235,500200
2228,奉节县,500236,500200
2229,巫山县,500237,500200
2230,巫溪县,500238,500200
2231,石柱土家族自治县,500240,500200
2232,秀山土家族苗族自治县,500241,500200
2233,酉阳土家族苗族自治县,500242,500200
2234,彭水苗族土家族自治县,500243,500200
2235,市辖区,510101,510100
2236,锦江区,510104,510100
2237,青羊区,510105,510100
2238,金牛区,510106,510100
2239,武侯区,510107,510100
2240,成华区,510108,510100
2241,龙泉驿区,510112,510100
2242,青白江区,510113,510100
2243,新都区,510114,510100
2244,温江区,510115,510100
2245,双流区,510116,510100
2246,金堂县,510121,510100
2247,郫县,510124,510100
2248,大邑县,510129,510100
2249,蒲江县,510131,510100
2250,新津县,510132,510100
2251,都江堰市,510181,510100
2252,彭州市,510182,510100
2253,邛崃市,510183,510100
2254,崇州市,510184,510100
2255,简阳市,510185,510100
2256,市辖区,510301,510300
2257,自流井区,510302,510300
2258,贡井区,510303,510300
2259,大安区,510304,510300
2260,沿滩区,510311,510300
2261,荣县,510321,510300
2262,富顺县,510322,510300
2263,市辖区,510401,510400
2264,东区,510402,510400
2265,西区,510403,510400
2266,仁和区,510411,510400
2267,米易县,510421,510400
2268,盐边县,510422,510400
2269,市辖区,510501,510500
2270,江阳区,510502,510500
2271,纳溪区,510503,510500
2272,龙马潭区,510504,510500
2273,泸县,510521,510500
2274,合江县,510522,510500
2275,叙永县,510524,510500
2276,古蔺县,510525,510500
2277,市辖区,510601,510600
2278,旌阳区,510603,510600
2279,中江县,510623,510600
2280,罗江县,510626,510600
2281,广汉市,510681,510600
2282,什邡市,510682,510600
2283,绵竹市,510683,510600
2284,市辖区,510701,510700
2285,涪城区,510703,510700
2286,游仙区,510704,510700
2287,安州区,510705,510700
2288,三台县,510722,510700
2289,盐亭县,510723,510700
2290,梓潼县,510725,510700
2291,北川羌族自治县,510726,510700
2292,平武县,510727,510700
2293,江油市,510781,510700
2294,市辖区,510801,510800
2295,利州区,510802,510800
2296,昭化区,510811,510800
2297,朝天区,510812,510800
2298,旺苍县,510821,510800
2299,青川县,510822,510800
2300,剑阁县,510823,510800
2301,苍溪县,510824,510800
2302,市辖区,510901,510900
2303,船山区,510903,510900
2304,安居区,510904,510900
2305,蓬溪县,510921,510900
2306,射洪县,510922,510900
2307,大英县,510923,510900
2308,市辖区,511001,511000
2309,市中区,511002,511000
2310,东兴区,511011,511000
2311,威远县,511024,511000
2312,资中县,511025,511000
2313,隆昌县,511028,511000
2314,市辖区,511101,511100
2315,市中区,511102,511100
2316,沙湾区,511111,511100
2317,五通桥区,511112,511100
2318,金口河区,511113,511100
2319,犍为县,511123,511100
2320,井研县,511124,511100
2321,夹江县,511126,511100
2322,沐川县,511129,511100
2323,峨边彝族自治县,511132,511100
2324,马边彝族自治县,511133,511100
2325,峨眉山市,511181,511100
2326,市辖区,511301,511300
2327,顺庆区,511302,511300
2328,高坪区,511303,511300
2329,嘉陵区,511304,511300
2330,南部县,511321,511300
2331,营山县,511322,511300
2332,蓬安县,511323,511300
2333,仪陇县,511324,511300
2334,西充县,511325,511300
2335,阆中市,511381,511300
2336,市辖区,511401,511400
2337,东坡区,511402,511400
2338,彭山区,511403,511400
2339,仁寿县,511421,511400
2340,洪雅县,511423,511400
2341,丹棱县,511424,511400
2342,青神县,511425,511400
2343,市辖区,511501,511500
2344,翠屏区,511502,511500
2345,南溪区,511503,511500
2346,宜宾县,511521,511500
2347,江安县,511523,511500
2348,长宁县,511524,511500
2349,高县,511525,511500
2350,珙县,511526,511500
2351,筠连县,511527,511500
2352,兴文县,511528,511500
2353,屏山县,511529,511500
2354,市辖区,511601,511600
2355,广安区,511602,511600
2356,前锋区,511603,511600
2357,岳池县,511621,511600
2358,武胜县,511622,511600
2359,邻水县,511623,511600
2360,华蓥市,511681,511600
2361,市辖区,511701,511700
2362,通川区,511702,511700
2363,达川区,511703,511700
2364,宣汉县,511722,511700
2365,开江县,511723,511700
2366,大竹县,511724,511700
2367,渠县,511725,511700
2368,万源市,511781,511700
2369,市辖区,511801,511800
2370,雨城区,511802,511800
2371,名山区,511803,511800
2372,荥经县,511822,511800
2373,汉源县,511823,511800
2374,石棉县,511824,511800
2375,天全县,511825,511800
2376,芦山县,511826,511800
2377,宝兴县,511827,511800
2378,市辖区,511901,511900
2379,巴州区,511902,511900
2380,恩阳区,511903,511900
2381,通江县,511921,511900
2382,南江县,511922,511900
2383,平昌县,511923,511900
2384,市辖区,512001,512000
2385,雁江区,512002,512000
2386,安岳县,512021,512000
2387,乐至县,512022,512000
2388,马尔康市,513201,513200
2389,汶川县,513221,513200
2390,理县,513222,513200
2391,茂县,513223,513200
2392,松潘县,513224,513200
2393,九寨沟县,513225,513200
2394,金川县,513226,513200
2395,小金县,513227,513200
2396,黑水县,513228,513200
2397,壤塘县,513230,513200
2398,阿坝县,513231,513200
2399,若尔盖县,513232,513200
2400,红原县,513233,513200
2401,康定市,513301,513300
2402,泸定县,513322,513300
2403,丹巴县,513323,513300
2404,九龙县,513324,513300
2405,雅江县,513325,513300
2406,道孚县,513326,513300
2407,炉霍县,513327,513300
2408,甘孜县,513328,513300
2409,新龙县,513329,513300
2410,德格县,513330,513300
2411,白玉县,513331,513300
2412,石渠县,513332,513300
2413,色达县,513333,513300
2414,理塘县,513334,513300
2415,巴塘县,513335,513300
2416,乡城县,513336,513300
2417,稻城县,513337,513300
2418,得荣县,513338,513300
2419,西昌市,513401,513400
2420,木里藏族自治县,513422,513400
2421,盐源县,513423,513400
2422,德昌县,513424,513400
2423,会理县,513425,513400
2424,会东县,513426,513400
2425,宁南县,513427,513400
2426,普格县,513428,513400
2427,布拖县,513429,513400
2428,金阳县,513430,513400
2429,昭觉县,513431,513400
2430,喜德县,513432,513400
2431,冕宁县,513433,513400
2432,越西县,513434,513400
2433,甘洛县,513435,513400
2434,美姑县,513436,513400
2435,雷波县,513437,513400
2436,市辖区,520101,520100
2437,南明区,520102,520100
2438,云岩区,520103,520100
2439,花溪区,520111,520100
2440,乌当区,520112,520100
2441,白云区,520113,520100
2442,观山湖区,520115,520100
2443,开阳县,520121,520100
2444,息烽县,520122,520100
2445,修文县,520123,520100
2446,清镇市,520181,520100
2447,钟山区,520201,520200
2448,六枝特区,520203,520200
2449,水城县,520221,520200
2450,盘县,520222,520200
2451,市辖区,520301,520300
2452,红花岗区,520302,520300
2453,汇川区,520303,520300
2454,播州区,520304,520300
2455,桐梓县,520322,520300
2456,绥阳县,520323,520300
2457,正安县,520324,520300
2458,道真仡佬族苗族自治县,520325,520300
2459,务川仡佬族苗族自治县,520326,520300
2460,凤冈县,520327,520300
2461,湄潭县,520328,520300
2462,余庆县,520329,520300
2463,习水县,520330,520300
2464,赤水市,520381,520300
2465,仁怀市,520382,520300
2466,市辖区,520401,520400
2467,西秀区,520402,520400
2468,平坝区,520403,520400
2469,普定县,520422,520400
2470,镇宁布依族苗族自治县,520423,520400
2471,关岭布依族苗族自治县,520424,520400
2472,紫云苗族布依族自治县,520425,520400
2473,市辖区,520501,520500
2474,七星关区,520502,520500
2475,大方县,520521,520500
2476,黔西县,520522,520500
2477,金沙县,520523,520500
2478,织金县,520524,520500
2479,纳雍县,520525,520500
2480,威宁彝族回族苗族自治县,520526,520500
2481,赫章县,520527,520500
2482,市辖区,520601,520600
2483,碧江区,520602,520600
2484,万山区,520603,520600
2485,江口县,520621,520600
2486,玉屏侗族自治县,520622,520600
2487,石阡县,520623,520600
2488,思南县,520624,520600
2489,印江土家族苗族自治县,520625,520600
2490,德江县,520626,520600
2491,沿河土家族自治县,520627,520600
2492,松桃苗族自治县,520628,520600
2493,兴义市,522301,522300
2494,兴仁县,522322,522300
2495,普安县,522323,522300
2496,晴隆县,522324,522300
2497,贞丰县,522325,522300
2498,望谟县,522326,522300
2499,册亨县,522327,522300
2500,安龙县,522328,522300
2501,凯里市,522601,522600
2502,黄平县,522622,522600
2503,施秉县,522623,522600
2504,三穗县,522624,522600
2505,镇远县,522625,522600
2506,岑巩县,522626,522600
2507,天柱县,522627,522600
2508,锦屏县,522628,522600
2509,剑河县,522629,522600
2510,台江县,522630,522600
2511,黎平县,522631,522600
2512,榕江县,522632,522600
2513,从江县,522633,522600
2514,雷山县,522634,522600
2515,麻江县,522635,522600
2516,丹寨县,522636,522600
2517,都匀市,522701,522700
2518,福泉市,522702,522700
2519,荔波县,522722,522700
2520,贵定县,522723,522700
2521,瓮安县,522725,522700
2522,独山县,522726,522700
2523,平塘县,522727,522700
2524,罗甸县,522728,522700
2525,长顺县,522729,522700
2526,龙里县,522730,522700
2527,惠水县,522731,522700
2528,三都水族自治县,522732,522700
2529,市辖区,530101,530100
2530,五华区,530102,530100
2531,盘龙区,530103,530100
2532,官渡区,530111,530100
2533,西山区,530112,530100
2534,东川区,530113,530100
2535,呈贡区,530114,530100
2536,晋宁县,530122,530100
2537,富民县,530124,530100
2538,宜良县,530125,530100
2539,石林彝族自治县,530126,530100
2540,嵩明县,530127,530100
2541,禄劝彝族苗族自治县,530128,530100
2542,寻甸回族彝族自治县,530129,530100
2543,安宁市,530181,530100
2544,市辖区,530301,530300
2545,麒麟区,530302,530300
2546,沾益区,530303,530300
2547,马龙县,530321,530300
2548,陆良县,530322,530300
2549,师宗县,530323,530300
2550,罗平县,530324,530300
2551,富源县,530325,530300
2552,会泽县,530326,530300
2553,宣威市,530381,530300
2554,市辖区,530401,530400
2555,红塔区,530402,530400
2556,江川区,530403,530400
2557,澄江县,530422,530400
2558,通海县,530423,530400
2559,华宁县,530424,530400
2560,易门县,530425,530400
2561,峨山彝族自治县,530426,530400
2562,新平彝族傣族自治县,530427,530400
2563,元江哈尼族彝族傣族自治县,530428,530400
2564,市辖区,530501,530500
2565,隆阳区,530502,530500
2566,施甸县,530521,530500
2567,龙陵县,530523,530500
2568,昌宁县,530524,530500
2569,腾冲市,530581,530500
2570,市辖区,530601,530600
2571,昭阳区,530602,530600
2572,鲁甸县,530621,530600
2573,巧家县,530622,530600
2574,盐津县,530623,530600
2575,大关县,530624,530600
2576,永善县,530625,530600
2577,绥江县,530626,530600
2578,镇雄县,530627,530600
2579,彝良县,530628,530600
2580,威信县,530629,530600
2581,水富县,530630,530600
2582,市辖区,530701,530700
2583,古城区,530702,530700
2584,玉龙纳西族自治县,530721,530700
2585,永胜县,530722,530700
2586,华坪县,530723,530700
2587,宁蒗彝族自治县,530724,530700
2588,市辖区,530801,530800
2589,思茅区,530802,530800
2590,宁洱哈尼族彝族自治县,530821,530800
2591,墨江哈尼族自治县,530822,530800
2592,景东彝族自治县,530823,530800
2593,景谷傣族彝族自治县,530824,530800
2594,镇沅彝族哈尼族拉祜族自治县,530825,530800
2595,江城哈尼族彝族自治县,530826,530800
2596,孟连傣族拉祜族佤族自治县,530827,530800
2597,澜沧拉祜族自治县,530828,530800
2598,西盟佤族自治县,530829,530800
2599,市辖区,530901,530900
2600,临翔区,530902,530900
2601,凤庆县,530921,530900
2602,云县,530922,530900
2603,永德县,530923,530900
2604,镇康县,530924,530900
2605,双江拉祜族佤族布朗族傣族自治县,530925,530900
2606,耿马傣族佤族自治县,530926,530900
2607,沧源佤族自治县,530927,530900
2608,楚雄市,532301,532300
2609,双柏县,532322,532300
2610,牟定县,532323,532300
2611,南华县,532324,532300
2612,姚安县,532325,532300
2613,大姚县,532326,532300
2614,永仁县,532327,532300
2615,元谋县,532328,532300
2616,武定县,532329,532300
2617,禄丰县,532331,532300
2618,个旧市,532501,532500
2619,开远市,532502,532500
2620,蒙自市,532503,532500
2621,弥勒市,532504,532500
2622,屏边苗族自治县,532523,532500
2623,建水县,532524,532500
2624,石屏县,532525,532500
2625,泸西县,532527,532500
2626,元阳县,532528,532500
2627,红河县,532529,532500
2628,金平苗族瑶族傣族自治县,532530,532500
2629,绿春县,532531,532500
2630,河口瑶族自治县,532532,532500
2631,文山市,532601,532600
2632,砚山县,532622,532600
2633,西畴县,532623,532600
2634,麻栗坡县,532624,532600
2635,马关县,532625,532600
2636,丘北县,532626,532600
2637,广南县,532627,532600
2638,富宁县,532628,532600
2639,景洪市,532801,532800
2640,勐海县,532822,532800
2641,勐腊县,532823,532800
2642,大理市,532901,532900
2643,漾濞彝族自治县,532922,532900
2644,祥云县,532923,532900
2645,宾川县,532924,532900
2646,弥渡县,532925,532900
2647,南涧彝族自治县,532926,532900
2648,巍山彝族回族自治县,532927,532900
2649,永平县,532928,532900
2650,云龙县,532929,532900
2651,洱源县,532930,532900
2652,剑川县,532931,532900
2653,鹤庆县,532932,532900
2654,瑞丽市,533102,533100
2655,芒市,533103,533100
2656,梁河县,533122,533100
2657,盈江县,533123,533100
2658,陇川县,533124,533100
2659,泸水市,533301,533300
2660,福贡县,533323,533300
2661,贡山独龙族怒族自治县,533324,533300
2662,兰坪白族普米族自治县,533325,533300
2663,香格里拉市,533401,533400
2664,德钦县,533422,533400
2665,维西傈僳族自治县,533423,533400
2666,市辖区,540101,540100
2667,城关区,540102,540100
2668,堆龙德庆区,540103,540100
2669,林周县,540121,540100
2670,当雄县,540122,540100
2671,尼木县,540123,540100
2672,曲水县,540124,540100
2673,达孜县,540126,540100
2674,墨竹工卡县,540127,540100
2675,桑珠孜区,540202,540200
2676,南木林县,540221,540200
2677,江孜县,540222,540200
2678,定日县,540223,540200
2679,萨迦县,540224,540200
2680,拉孜县,540225,540200
2681,昂仁县,540226,540200
2682,谢通门县,540227,540200
2683,白朗县,540228,540200
2684,仁布县,540229,540200
2685,康马县,540230,540200
2686,定结县,540231,540200
2687,仲巴县,540232,540200
2688,亚东县,540233,540200
2689,吉隆县,540234,540200
2690,聂拉木县,540235,540200
2691,萨嘎县,540236,540200
2692,岗巴县,540237,540200
2693,卡若区,540302,540300
2694,江达县,540321,540300
2695,贡觉县,540322,540300
2696,类乌齐县,540323,540300
2697,丁青县,540324,540300
2698,察雅县,540325,540300
2699,八宿县,540326,540300
2700,左贡县,540327,540300
2701,芒康县,540328,540300
2702,洛隆县,540329,540300
2703,边坝县,540330,540300
2704,巴宜区,540402,540400
2705,工布江达县,540421,540400
2706,米林县,540422,540400
2707,墨脱县,540423,540400
2708,波密县,540424,540400
2709,察隅县,540425,540400
2710,朗县,540426,540400
2711,市辖区,540501,540500
2712,乃东区,540502,540500
2713,扎囊县,540521,540500
2714,贡嘎县,540522,540500
2715,桑日县,540523,540500
2716,琼结县,540524,540500
2717,曲松县,540525,540500
2718,措美县,540526,540500
2719,洛扎县,540527,540500
2720,加查县,540528,540500
2721,隆子县,540529,540500
2722,错那县,540530,540500
2723,浪卡子县,540531,540500
2724,那曲县,542421,542400
2725,嘉黎县,542422,542400
2726,比如县,542423,542400
2727,聂荣县,542424,542400
2728,安多县,542425,542400
2729,申扎县,542426,542400
2730,索县,542427,542400
2731,班戈县,542428,542400
2732,巴青县,542429,542400
2733,尼玛县,542430,542400
2734,双湖县,542431,542400
2735,普兰县,542521,542500
2736,札达县,542522,542500
2737,噶尔县,542523,542500
2738,日土县,542524,542500
2739,革吉县,542525,542500
2740,改则县,542526,542500
2741,措勤县,542527,542500
2742,市辖区,610101,610100
2743,新城区,610102,610100
2744,碑林区,610103,610100
2745,莲湖区,610104,610100
2746,灞桥区,610111,610100
2747,未央区,610112,610100
2748,雁塔区,610113,610100
2749,阎良区,610114,610100
2750,临潼区,610115,610100
2751,长安区,610116,610100
2752,高陵区,610117,610100
2753,蓝田县,610122,610100
2754,周至县,610124,610100
2755,户县,610125,610100
2756,市辖区,610201,610200
2757,王益区,610202,610200
2758,印台区,610203,610200
2759,耀州区,610204,610200
2760,宜君县,610222,610200
2761,市辖区,610301,610300
2762,渭滨区,610302,610300
2763,金台区,610303,610300
2764,陈仓区,610304,610300
2765,凤翔县,610322,610300
2766,岐山县,610323,610300
2767,扶风县,610324,610300
2768,眉县,610326,610300
2769,陇县,610327,610300
2770,千阳县,610328,610300
2771,麟游县,610329,610300
2772,凤县,610330,610300
2773,太白县,610331,610300
2774,市辖区,610401,610400
2775,秦都区,610402,610400
2776,杨陵区,610403,610400
2777,渭城区,610404,610400
2778,三原县,610422,610400
2779,泾阳县,610423,610400
2780,乾县,610424,610400
2781,礼泉县,610425,610400
2782,永寿县,610426,610400
2783,彬县,610427,610400
2784,长武县,610428,610400
2785,旬邑县,610429,610400
2786,淳化县,610430,610400
2787,武功县,610431,610400
2788,兴平市,610481,610400
2789,市辖区,610501,610500
2790,临渭区,610502,610500
2791,华州区,610503,610500
2792,潼关县,610522,610500
2793,大荔县,610523,610500
2794,合阳县,610524,610500
2795,澄城县,610525,610500
2796,蒲城县,610526,610500
2797,白水县,610527,610500
2798,富平县,610528,610500
2799,韩城市,610581,610500
2800,华阴市,610582,610500
2801,市辖区,610601,610600
2802,宝塔区,610602,610600
2803,安塞区,610603,610600
2804,延长县,610621,610600
2805,延川县,610622,610600
2806,子长县,610623,610600
2807,志丹县,610625,610600
2808,吴起县,610626,610600
2809,甘泉县,610627,610600
2810,富县,610628,610600
2811,洛川县,610629,610600
2812,宜川县,610630,610600
2813,黄龙县,610631,610600
2814,黄陵县,610632,610600
2815,市辖区,610701,610700
2816,汉台区,610702,610700
2817,南郑县,610721,610700
2818,城固县,610722,610700
2819,洋县,610723,610700
2820,西乡县,610724,610700
2821,勉县,610725,610700
2822,宁强县,610726,610700
2823,略阳县,610727,610700
2824,镇巴县,610728,610700
2825,留坝县,610729,610700
2826,佛坪县,610730,610700
2827,市辖区,610801,610800
2828,榆阳区,610802,610800
2829,横山区,610803,610800
2830,神木县,610821,610800
2831,府谷县,610822,610800
2832,靖边县,610824,610800
2833,定边县,610825,610800
2834,绥德县,610826,610800
2835,米脂县,610827,610800
2836,佳县,610828,610800
2837,吴堡县,610829,610800
2838,清涧县,610830,610800
2839,子洲县,610831,610800
2840,市辖区,610901,610900
2841,汉滨区,610902,610900
2842,汉阴县,610921,610900
2843,石泉县,610922,610900
2844,宁陕县,610923,610900
2845,紫阳县,610924,610900
2846,岚皋县,610925,610900
2847,平利县,610926,610900
2848,镇坪县,610927,610900
2849,旬阳县,610928,610900
2850,白河县,610929,610900
2851,市辖区,611001,611000
2852,商州区,611002,611000
2853,洛南县,611021,611000
2854,丹凤县,611022,611000
2855,商南县,611023,611000
2856,山阳县,611024,611000
2857,镇安县,611025,611000
2858,柞水县,611026,611000
2859,市辖区,620101,620100
2860,城关区,620102,620100
2861,七里河区,620103,620100
2862,西固区,620104,620100
2863,安宁区,620105,620100
2864,红古区,620111,620100
2865,永登县,620121,620100
2866,皋兰县,620122,620100
2867,榆中县,620123,620100
2868,市辖区,620201,620200
2869,市辖区,620301,620300
2870,金川区,620302,620300
2871,永昌县,620321,620300
2872,市辖区,620401,620400
2873,白银区,620402,620400
2874,平川区,620403,620400
2875,靖远县,620421,620400
2876,会宁县,620422,620400
2877,景泰县,620423,620400
2878,市辖区,620501,620500
2879,秦州区,620502,620500
2880,麦积区,620503,620500
2881,清水县,620521,620500
2882,秦安县,620522,620500
2883,甘谷县,620523,620500
2884,武山县,620524,620500
2885,张家川回族自治县,620525,620500
2886,市辖区,620601,620600
2887,凉州区,620602,620600
2888,民勤县,620621,620600
2889,古浪县,620622,620600
2890,天祝藏族自治县,620623,620600
2891,市辖区,620701,620700
2892,甘州区,620702,620700
2893,肃南裕固族自治县,620721,620700
2894,民乐县,620722,620700
2895,临泽县,620723,620700
2896,高台县,620724,620700
2897,山丹县,620725,620700
2898,市辖区,620801,620800
2899,崆峒区,620802,620800
2900,泾川县,620821,620800
2901,灵台县,620822,620800
2902,崇信县,620823,620800
2903,华亭县,620824,620800
2904,庄浪县,620825,620800
2905,静宁县,620826,620800
2906,市辖区,620901,620900
2907,肃州区,620902,620900
2908,金塔县,620921,620900
2909,瓜州县,620922,620900
2910,肃北蒙古族自治县,620923,620900
2911,阿克塞哈萨克族自治县,620924,620900
2912,玉门市,620981,620900
2913,敦煌市,620982,620900
2914,市辖区,621001,621000
2915,西峰区,621002,621000
2916,庆城县,621021,621000
2917,环县,621022,621000
2918,华池县,621023,621000
2919,合水县,621024,621000
2920,正宁县,621025,621000
2921,宁县,621026,621000
2922,镇原县,621027,621000
2923,市辖区,621101,621100
2924,安定区,621102,621100
2925,通渭县,621121,621100
2926,陇西县,621122,621100
2927,渭源县,621123,621100
2928,临洮县,621124,621100
2929,漳县,621125,621100
2930,岷县,621126,621100
2931,市辖区,621201,621200
2932,武都区,621202,621200
2933,成县,621221,621200
2934,文县,621222,621200
2935,宕昌县,621223,621200
2936,康县,621224,621200
2937,西和县,621225,621200
2938,礼县,621226,621200
2939,徽县,621227,621200
2940,两当县,621228,621200
2941,临夏市,622901,622900
2942,临夏县,622921,622900
2943,康乐县,622922,622900
2944,永靖县,622923,622900
2945,广河县,622924,622900
2946,和政县,622925,622900
2947,东乡族自治县,622926,622900
2948,积石山保安族东乡族撒拉族自治县,622927,622900
2949,合作市,623001,623000
2950,临潭县,623021,623000
2951,卓尼县,623022,623000
2952,舟曲县,623023,623000
2953,迭部县,623024,623000
2954,玛曲县,623025,623000
2955,碌曲县,623026,623000
2956,夏河县,623027,623000
2957,市辖区,630101,630100
2958,城东区,630102,630100
2959,城中区,630103,630100
2960,城西区,630104,630100
2961,城北区,630105,630100
2962,大通回族土族自治县,630121,630100
2963,湟中县,630122,630100
2964,湟源县,630123,630100
2965,乐都区,630202,630200
2966,平安区,630203,630200
2967,民和回族土族自治县,630222,630200
2968,互助土族自治县,630223,630200
2969,化隆回族自治县,630224,630200
2970,循化撒拉族自治县,630225,630200
2971,门源回族自治县,632221,632200
2972,祁连县,632222,632200
2973,海晏县,632223,632200
2974,刚察县,632224,632200
2975,同仁县,632321,632300
2976,尖扎县,632322,632300
2977,泽库县,632323,632300
2978,河南蒙古族自治县,632324,632300
2979,共和县,632521,632500
2980,同德县,632522,632500
2981,贵德县,632523,632500
2982,兴海县,632524,632500
2983,贵南县,632525,632500
2984,玛沁县,632621,632600
2985,班玛县,632622,632600
2986,甘德县,632623,632600
2987,达日县,632624,632600
2988,久治县,632625,632600
2989,玛多县,632626,632600
2990,玉树市,632701,632700
2991,杂多县,632722,632700
2992,称多县,632723,632700
2993,治多县,632724,632700
2994,囊谦县,632725,632700
2995,曲麻莱县,632726,632700
2996,格尔木市,632801,632800
2997,德令哈市,632802,632800
2998,乌兰县,632821,632800
2999,都兰县,632822,632800
3000,天峻县,632823,632800
3001,市辖区,640101,640100
3002,兴庆区,640104,640100
3003,西夏区,640105,640100
3004,金凤区,640106,640100
3005,永宁县,640121,640100
3006,贺兰县,640122,640100
3007,灵武市,640181,640100
3008,市辖区,640201,640200
3009,大武口区,640202,640200
3010,惠农区,640205,640200
3011,平罗县,640221,640200
3012,市辖区,640301,640300
3013,利通区,640302,640300
3014,红寺堡区,640303,640300
3015,盐池县,640323,640300
3016,同心县,640324,640300
3017,青铜峡市,640381,640300
3018,市辖区,640401,640400
3019,原州区,640402,640400
3020,西吉县,640422,640400
3021,隆德县,640423,640400
3022,泾源县,640424,640400
3023,彭阳县,640425,640400
3024,市辖区,640501,640500
3025,沙坡头区,640502,640500
3026,中宁县,640521,640500
3027,海原县,640522,640500
3028,市辖区,650101,650100
3029,天山区,650102,650100
3030,沙依巴克区,650103,650100
3031,新市区,650104,650100
3032,水磨沟区,650105,650100
3033,头屯河区,650106,650100
3034,达坂城区,650107,650100
3035,米东区,650109,650100
3036,乌鲁木齐县,650121,650100
3037,市辖区,650201,650200
3038,独山子区,650202,650200
3039,克拉玛依区,650203,650200
3040,白碱滩区,650204,650200
3041,乌尔禾区,650205,650200
3042,高昌区,650402,650400
3043,鄯善县,650421,650400
3044,托克逊县,650422,650400
3045,伊州区,650502,650500
3046,巴里坤哈萨克自治县,650521,650500
3047,伊吾县,650522,650500
3048,昌吉市,652301,652300
3049,阜康市,652302,652300
3050,呼图壁县,652323,652300
3051,玛纳斯县,652324,652300
3052,奇台县,652325,652300
3053,吉木萨尔县,652327,652300
3054,木垒哈萨克自治县,652328,652300
3055,博乐市,652701,652700
3056,阿拉山口市,652702,652700
3057,精河县,652722,652700
3058,温泉县,652723,652700
3059,库尔勒市,652801,652800
3060,轮台县,652822,652800
3061,尉犁县,652823,652800
3062,若羌县,652824,652800
3063,且末县,652825,652800
3064,焉耆回族自治县,652826,652800
3065,和静县,652827,652800
3066,和硕县,652828,652800
3067,博湖县,652829,652800
3068,阿克苏市,652901,652900
3069,温宿县,652922,652900
3070,库车县,652923,652900
3071,沙雅县,652924,652900
3072,新和县,652925,652900
3073,拜城县,652926,652900
3074,乌什县,652927,652900
3075,阿瓦提县,652928,652900
3076,柯坪县,652929,652900
3077,阿图什市,653001,653000
3078,阿克陶县,653022,653000
3079,阿合奇县,653023,653000
3080,乌恰县,653024,653000
3081,喀什市,653101,653100
3082,疏附县,653121,653100
3083,疏勒县,653122,653100
3084,英吉沙县,653123,653100
3085,泽普县,653124,653100
3086,莎车县,653125,653100
3087,叶城县,653126,653100
3088,麦盖提县,653127,653100
3089,岳普湖县,653128,653100
3090,伽师县,653129,653100
3091,巴楚县,653130,653100
3092,塔什库尔干塔吉克自治县,653131,653100
3093,和田市,653201,653200
3094,和田县,653221,653200
3095,墨玉县,653222,653200
3096,皮山县,653223,653200
3097,洛浦县,653224,653200
3098,策勒县,653225,653200
3099,于田县,653226,653200
3100,民丰县,653227,653200
3101,伊宁市,654002,654000
3102,奎屯市,654003,654000
3103,霍尔果斯市,654004,654000
3104,伊宁县,654021,654000
3105,察布查尔锡伯自治县,654022,654000
3106,霍城县,654023,654000
3107,巩留县,654024,654000
3108,新源县,654025,654000
3109,昭苏县,654026,654000
3110,特克斯县,654027,654000
3111,尼勒克县,654028,654000
3112,塔城市,654201,654200
3113,乌苏市,654202,654200
3114,额敏县,654221,654200
3115,沙湾县,654223,654200
3116,托里县,654224,654200
3117,裕民县,654225,654200
3118,和布克赛尔蒙古自治县,654226,654200
3119,阿勒泰市,654301,654300
3120,布尔津县,654321,654300
3121,富蕴县,654322,654300
3122,福海县,654323,654300
3123,哈巴河县,654324,654300
3124,青河县,654325,654300
3125,吉木乃县,654326,654300
3126,石河子市,659001,659000
3127,阿拉尔市,659002,659000
3128,图木舒克市,659003,659000
3129,五家渠市,659004,659000
3130,铁门关市,659006,659000
